r_bohr,u_c,V_H_c
0.00200,8.82451321e-02,3.74762296e+00
0.00400,1.69834183e-01,3.75036398e+00
0.00600,2.45067460e-01,3.74985637e+00
0.00800,3.14234396e-01,3.74646542e+00
0.01000,3.77613721e-01,3.74052642e+00
0.01200,4.35473669e-01,3.73234674e+00
0.01400,4.88072217e-01,3.72220779e+00
0.01600,5.35657349e-01,3.71036689e+00
0.01800,5.78467336e-01,3.69705900e+00
0.02000,6.16731031e-01,3.68249834e+00
0.02200,6.50668165e-01,3.66687993e+00
0.02400,6.80489654e-01,3.65038102e+00
0.02600,7.06397900e-01,3.63316239e+00
0.02800,7.28587100e-01,3.61536963e+00
0.03000,7.47243540e-01,3.59713427e+00
0.03200,7.62545893e-01,3.57857487e+00
0.03400,7.74665508e-01,3.55979804e+00
0.03600,7.83766686e-01,3.54089935e+00
0.03800,7.90006961e-01,3.52196420e+00
0.04000,7.93537358e-01,3.50306865e+00
0.04200,7.94502653e-01,3.48428018e+00
0.04400,7.93041621e-01,3.46565833e+00
0.04600,7.89287271e-01,3.44725541e+00
0.04800,7.83367078e-01,3.42911709e+00
0.05000,7.75403205e-01,3.41128292e+00
0.05200,7.65512709e-01,3.39378689e+00
0.05400,7.53807753e-01,3.37665791e+00
0.05600,7.40395793e-01,3.35992020e+00
0.05800,7.25379773e-01,3.34359379e+00
0.06000,7.08858297e-01,3.32769482e+00
0.06200,6.90925806e-01,3.31223594e+00
0.06400,6.71672741e-01,3.29722661e+00
0.06600,6.51185699e-01,3.28267344e+00
0.06800,6.29547591e-01,3.26858043e+00
0.07000,6.06837777e-01,3.25494924e+00
0.07200,5.83132214e-01,3.24177945e+00
0.07400,5.58503585e-01,3.22906873e+00
0.07600,5.33021426e-01,3.21681310e+00
0.07800,5.06752251e-01,3.20500709e+00
0.08000,4.79759667e-01,3.19364391e+00
0.08200,4.52104489e-01,3.18271559e+00
0.08400,4.23844848e-01,3.17221319e+00
0.08600,3.95036291e-01,3.16212685e+00
0.08800,3.65731888e-01,3.15244597e+00
0.09000,3.35982320e-01,3.14315932e+00
0.09200,3.05835977e-01,3.13425510e+00
0.09400,2.75339043e-01,3.12572108e+00
0.09600,2.44535583e-01,3.11754467e+00
0.09800,2.13467626e-01,3.10971299e+00
0.10000,1.82175237e-01,3.10221295e+00
0.10200,1.50696604e-01,3.09503131e+00
0.10400,1.19068098e-01,3.08815475e+00
0.10600,8.73243562e-02,3.08156991e+00
0.10800,5.54983382e-02,3.07526344e+00
0.11000,2.36213977e-02,3.06922205e+00
0.11200,-8.27665678e-03,3.06343253e+00
0.11400,-4.01675019e-02,3.05788183e+00
0.11600,-7.20242411e-02,3.05255703e+00
0.11800,-1.03821349e-01,3.04744540e+00
0.12000,-1.35534617e-01,3.04253445e+00
0.12200,-1.67141103e-01,3.03781187e+00
0.12400,-1.98619079e-01,3.03326566e+00
0.12600,-2.29947985e-01,3.02888403e+00
0.12800,-2.61108383e-01,3.02465551e+00
0.13000,-2.92081910e-01,3.02056891e+00
0.13200,-3.22851237e-01,3.01661333e+00
0.13400,-3.53400029e-01,3.01277819e+00
0.13600,-3.83712902e-01,3.00905322e+00
0.13800,-4.13775387e-01,3.00542848e+00
0.14000,-4.43573892e-01,3.00189432e+00
0.14200,-4.73095666e-01,2.99844145e+00
0.14400,-5.02328768e-01,2.99506089e+00
0.14600,-5.31262029e-01,2.99174399e+00
0.14800,-5.59885026e-01,2.98848242e+00
0.15000,-5.88188047e-01,2.98526816e+00
0.15200,-6.16162061e-01,2.98209354e+00
0.15400,-6.43798697e-01,2.97895119e+00
0.15600,-6.71090207e-01,2.97583404e+00
0.15800,-6.98029446e-01,2.97273535e+00
0.16000,-7.24609845e-01,2.96964868e+00
0.16200,-7.50825388e-01,2.96656786e+00
0.16400,-7.76670586e-01,2.96348706e+00
0.16600,-8.02140456e-01,2.96040071e+00
0.16800,-8.27230499e-01,2.95730352e+00
0.17000,-8.51936680e-01,2.95419047e+00
0.17200,-8.76255406e-01,2.95105683e+00
0.17400,-9.00183508e-01,2.94789812e+00
0.17600,-9.23718222e-01,2.94471010e+00
0.17800,-9.46857171e-01,2.94148881e+00
0.18000,-9.69598348e-01,2.93823049e+00
0.18200,-9.91940097e-01,2.93493166e+00
0.18400,-1.01388110e+00,2.93158903e+00
0.18600,-1.03542036e+00,2.92819954e+00
0.18800,-1.05655719e+00,2.92476036e+00
0.19000,-1.07729119e+00,2.92126884e+00
0.19200,-1.09762224e+00,2.91772254e+00
0.19400,-1.11755049e+00,2.91411923e+00
0.19600,-1.13707632e+00,2.91045684e+00
0.19800,-1.15620039e+00,2.90673348e+00
0.20000,-1.17492354e+00,2.90294746e+00
0.20200,-1.19324687e+00,2.89909722e+00
0.20400,-1.21117166e+00,2.89518138e+00
0.20600,-1.22869940e+00,2.89119871e+00
0.20800,-1.24583173e+00,2.88714814e+00
0.21000,-1.26257052e+00,2.88302870e+00
0.21200,-1.27891776e+00,2.87883961e+00
0.21400,-1.29487561e+00,2.87458017e+00
0.21600,-1.31044639e+00,2.87024984e+00
0.21800,-1.32563254e+00,2.86584818e+00
0.22000,-1.34043665e+00,2.86137487e+00
0.22200,-1.35486141e+00,2.85682969e+00
0.22400,-1.36890965e+00,2.85221253e+00
0.22600,-1.38258429e+00,2.84752337e+00
0.22800,-1.39588837e+00,2.84276229e+00
0.23000,-1.40882501e+00,2.83792946e+00
0.23200,-1.42139742e+00,2.83302513e+00
0.23400,-1.43360891e+00,2.82804963e+00
0.23600,-1.44546284e+00,2.82300336e+00
0.23800,-1.45696266e+00,2.81788680e+00
0.24000,-1.46811188e+00,2.81270049e+00
0.24200,-1.47891408e+00,2.80744503e+00
0.24400,-1.48937288e+00,2.80212109e+00
0.24600,-1.49949196e+00,2.79672939e+00
0.24800,-1.50927506e+00,2.79127070e+00
0.25000,-1.51872593e+00,2.78574584e+00
0.25200,-1.52784839e+00,2.78015569e+00
0.25400,-1.53664627e+00,2.77450116e+00
0.25600,-1.54512345e+00,2.76878318e+00
0.25800,-1.55328383e+00,2.76300275e+00
0.26000,-1.56113132e+00,2.75716089e+00
0.26200,-1.56866987e+00,2.75125866e+00
0.26400,-1.57590344e+00,2.74529712e+00
0.26600,-1.58283599e+00,2.73927740e+00
0.26800,-1.58947152e+00,2.73320061e+00
0.27000,-1.59581400e+00,2.72706791e+00
0.27200,-1.60186745e+00,2.72088048e+00
0.27400,-1.60763585e+00,2.71463950e+00
0.27600,-1.61312320e+00,2.70834618e+00
0.27800,-1.61833351e+00,2.70200174e+00
0.28000,-1.62327076e+00,2.69560740e+00
0.28200,-1.62793894e+00,2.68916441e+00
0.28400,-1.63234204e+00,2.68267401e+00
0.28600,-1.63648402e+00,2.67613746e+00
0.28800,-1.64036884e+00,2.66955603e+00
0.29000,-1.64400044e+00,2.66293096e+00
0.29200,-1.64738276e+00,2.65626354e+00
0.29400,-1.65051970e+00,2.64955502e+00
0.29600,-1.65341517e+00,2.64280669e+00
0.29800,-1.65607303e+00,2.63601979e+00
0.30000,-1.65849714e+00,2.62919560e+00
0.30200,-1.66069135e+00,2.62233538e+00
0.30400,-1.66265945e+00,2.61544038e+00
0.30600,-1.66440523e+00,2.60851185e+00
0.30800,-1.66593246e+00,2.60155105e+00
0.31000,-1.66724487e+00,2.59455920e+00
0.31200,-1.66834618e+00,2.58753754e+00
0.31400,-1.66924006e+00,2.58048728e+00
0.31600,-1.66993016e+00,2.57340965e+00
0.31800,-1.67042012e+00,2.56630583e+00
0.32000,-1.67071353e+00,2.55917703e+00
0.32200,-1.67081395e+00,2.55202443e+00
0.32400,-1.67072491e+00,2.54484919e+00
0.32600,-1.67044992e+00,2.53765247e+00
0.32800,-1.66999245e+00,2.53043541e+00
0.33000,-1.66935593e+00,2.52319916e+00
0.33200,-1.66854377e+00,2.51594481e+00
0.33400,-1.66755935e+00,2.50867349e+00
0.33600,-1.66640599e+00,2.50138627e+00
0.33800,-1.66508701e+00,2.49408424e+00
0.34000,-1.66360567e+00,2.48676845e+00
0.34200,-1.66196522e+00,2.47943996e+00
0.34400,-1.66016884e+00,2.47209979e+00
0.34600,-1.65821972e+00,2.46474897e+00
0.34800,-1.65612097e+00,2.45738848e+00
0.35000,-1.65387571e+00,2.45001932e+00
0.35200,-1.65148698e+00,2.44264246e+00
0.35400,-1.64895781e+00,2.43525885e+00
0.35600,-1.64629121e+00,2.42786943e+00
0.35800,-1.64349012e+00,2.42047512e+00
0.36000,-1.64055746e+00,2.41307682e+00
0.36200,-1.63749611e+00,2.40567543e+00
0.36400,-1.63430894e+00,2.39827182e+00
0.36600,-1.63099875e+00,2.39086685e+00
0.36800,-1.62756832e+00,2.38346136e+00
0.37000,-1.62402039e+00,2.37605616e+00
0.37200,-1.62035769e+00,2.36865209e+00
0.37400,-1.61658287e+00,2.36124992e+00
0.37600,-1.61269857e+00,2.35385043e+00
0.37800,-1.60870742e+00,2.34645439e+00
0.38000,-1.60461196e+00,2.33906254e+00
0.38200,-1.60041474e+00,2.33167562e+00
0.38400,-1.59611826e+00,2.32429433e+00
0.38600,-1.59172499e+00,2.31691937e+00
0.38800,-1.58723736e+00,2.30955144e+00
0.39000,-1.58265776e+00,2.30219119e+00
0.39200,-1.57798857e+00,2.29483927e+00
0.39400,-1.57323212e+00,2.28749634e+00
0.39600,-1.56839070e+00,2.28016301e+00
0.39800,-1.56346658e+00,2.27283988e+00
0.40000,-1.55846200e+00,2.26552756e+00
0.40200,-1.55337915e+00,2.25822661e+00
0.40400,-1.54822020e+00,2.25093762e+00
0.40600,-1.54298730e+00,2.24366112e+00
0.40800,-1.53768254e+00,2.23639765e+00
0.41000,-1.53230801e+00,2.22914774e+00
0.41200,-1.52686573e+00,2.22191189e+00
0.41400,-1.52135772e+00,2.21469060e+00
0.41600,-1.51578597e+00,2.20748435e+00
0.41800,-1.51015242e+00,2.20029361e+00
0.42000,-1.50445899e+00,2.19311884e+00
0.42200,-1.49870757e+00,2.18596048e+00
0.42400,-1.49290003e+00,2.17881896e+00
0.42600,-1.48703819e+00,2.17169470e+00
0.42800,-1.48112385e+00,2.16458811e+00
0.43000,-1.47515879e+00,2.15749957e+00
0.43200,-1.46914474e+00,2.15042947e+00
0.43400,-1.46308344e+00,2.14337818e+00
0.43600,-1.45697656e+00,2.13634605e+00
0.43800,-1.45082577e+00,2.12933345e+00
0.44000,-1.44463269e+00,2.12234069e+00
0.44200,-1.43839894e+00,2.11536812e+00
0.44400,-1.43212609e+00,2.10841603e+00
0.44600,-1.42581569e+00,2.10148473e+00
0.44800,-1.41946928e+00,2.09457453e+00
0.45000,-1.41308835e+00,2.08768569e+00
0.45200,-1.40667437e+00,2.08081850e+00
0.45400,-1.40022881e+00,2.07397322e+00
0.45600,-1.39375307e+00,2.06715009e+00
0.45800,-1.38724855e+00,2.06034937e+00
0.46000,-1.38071665e+00,2.05357128e+00
0.46200,-1.37415869e+00,2.04681606e+00
0.46400,-1.36757602e+00,2.04008391e+00
0.46600,-1.36096993e+00,2.03337506e+00
0.46800,-1.35434170e+00,2.02668969e+00
0.47000,-1.34769260e+00,2.02002799e+00
0.47200,-1.34102384e+00,2.01339015e+00
0.47400,-1.33433665e+00,2.00677634e+00
0.47600,-1.32763221e+00,2.00018673e+00
0.47800,-1.32091170e+00,1.99362147e+00
0.48000,-1.31417624e+00,1.98708072e+00
0.48200,-1.30742698e+00,1.98056461e+00
0.48400,-1.30066500e+00,1.97407329e+00
0.48600,-1.29389140e+00,1.96760688e+00
0.48800,-1.28710722e+00,1.96116550e+00
0.49000,-1.28031353e+00,1.95474927e+00
0.49200,-1.27351132e+00,1.94835829e+00
0.49400,-1.26670161e+00,1.94199266e+00
0.49600,-1.25988537e+00,1.93565249e+00
0.49800,-1.25306357e+00,1.92933785e+00
0.50000,-1.24623715e+00,1.92304884e+00
0.50200,-1.23940703e+00,1.91678552e+00
0.50400,-1.23257412e+00,1.91054796e+00
0.50600,-1.22573930e+00,1.90433624e+00
0.50800,-1.21890345e+00,1.89815040e+00
0.51000,-1.21206740e+00,1.89199051e+00
0.51200,-1.20523201e+00,1.88585660e+00
0.51400,-1.19839808e+00,1.87974874e+00
0.51600,-1.19156641e+00,1.87366694e+00
0.51800,-1.18473779e+00,1.86761124e+00
0.52000,-1.17791297e+00,1.86158168e+00
0.52200,-1.17109272e+00,1.85557828e+00
0.52400,-1.16427775e+00,1.84960104e+00
0.52600,-1.15746880e+00,1.84365000e+00
0.52800,-1.15066655e+00,1.83772515e+00
0.53000,-1.14387170e+00,1.83182651e+00
0.53200,-1.13708491e+00,1.82595407e+00
0.53400,-1.13030685e+00,1.82010783e+00
0.53600,-1.12353815e+00,1.81428779e+00
0.53800,-1.11677944e+00,1.80849393e+00
0.54000,-1.11003133e+00,1.80272625e+00
0.54200,-1.10329441e+00,1.79698472e+00
0.54400,-1.09656928e+00,1.79126932e+00
0.54600,-1.08985650e+00,1.78558002e+00
0.54800,-1.08315663e+00,1.77991681e+00
0.55000,-1.07647021e+00,1.77427965e+00
0.55200,-1.06979777e+00,1.76866850e+00
0.55400,-1.06313983e+00,1.76308332e+00
0.55600,-1.05649689e+00,1.75752409e+00
0.55800,-1.04986944e+00,1.75199074e+00
0.56000,-1.04325797e+00,1.74648325e+00
0.56200,-1.03666294e+00,1.74100155e+00
0.56400,-1.03008481e+00,1.73554560e+00
0.56600,-1.02352402e+00,1.73011534e+00
0.56800,-1.01698099e+00,1.72471072e+00
0.57000,-1.01045616e+00,1.71933168e+00
0.57200,-1.00394994e+00,1.71397816e+00
0.57400,-9.97462708e-01,1.70865009e+00
0.57600,-9.90994867e-01,1.70334741e+00
0.57800,-9.84546791e-01,1.69807005e+00
0.58000,-9.78118846e-01,1.69281794e+00
0.58200,-9.71711387e-01,1.68759102e+00
0.58400,-9.65324760e-01,1.68238920e+00
0.58600,-9.58959301e-01,1.67721241e+00
0.58800,-9.52615335e-01,1.67206059e+00
0.59000,-9.46293179e-01,1.66693363e+00
0.59200,-9.39993140e-01,1.66183148e+00
0.59400,-9.33715515e-01,1.65675404e+00
0.59600,-9.27460592e-01,1.65170123e+00
0.59800,-9.21228650e-01,1.64667297e+00
0.60000,-9.15019959e-01,1.64166917e+00
0.60200,-9.08834780e-01,1.63668975e+00
0.60400,-9.02673367e-01,1.63173461e+00
0.60600,-8.96535964e-01,1.62680366e+00
0.60800,-8.90422807e-01,1.62189682e+00
0.61000,-8.84334124e-01,1.61701400e+00
0.61200,-8.78270134e-01,1.61215509e+00
0.61400,-8.72231051e-01,1.60732000e+00
0.61600,-8.66217077e-01,1.60250864e+00
0.61800,-8.60228411e-01,1.59772092e+00
0.62000,-8.54265241e-01,1.59295673e+00
0.62200,-8.48327749e-01,1.58821598e+00
0.62400,-8.42416110e-01,1.58349857e+00
0.62600,-8.36530492e-01,1.57880439e+00
0.62800,-8.30671056e-01,1.57413336e+00
0.63000,-8.24837955e-01,1.56948536e+00
0.63200,-8.19031337e-01,1.56486029e+00
0.63400,-8.13251343e-01,1.56025806e+00
0.63600,-8.07498107e-01,1.55567856e+00
0.63800,-8.01771756e-01,1.55112169e+00
0.64000,-7.96072414e-01,1.54658733e+00
0.64200,-7.90400195e-01,1.54207540e+00
0.64400,-7.84755210e-01,1.53758578e+00
0.64600,-7.79137562e-01,1.53311836e+00
0.64800,-7.73547350e-01,1.52867305e+00
0.65000,-7.67984666e-01,1.52424973e+00
0.65200,-7.62449597e-01,1.51984831e+00
0.65400,-7.56942225e-01,1.51546866e+00
0.65600,-7.51462627e-01,1.51111069e+00
0.65800,-7.46010873e-01,1.50677429e+00
0.66000,-7.40587030e-01,1.50245935e+00
0.66200,-7.35191160e-01,1.49816576e+00
0.66400,-7.29823317e-01,1.49389342e+00
0.66600,-7.24483554e-01,1.48964221e+00
0.66800,-7.19171917e-01,1.48541204e+00
0.67000,-7.13888449e-01,1.48120278e+00
0.67200,-7.08633187e-01,1.47701434e+00
0.67400,-7.03406165e-01,1.47284660e+00
0.67600,-6.98207411e-01,1.46869945e+00
0.67800,-6.93036951e-01,1.46457280e+00
0.68000,-6.87894805e-01,1.46046652e+00
0.68200,-6.82780989e-01,1.45638051e+00
0.68400,-6.77695517e-01,1.45231467e+00
0.68600,-6.72638396e-01,1.44826888e+00
0.68800,-6.67609632e-01,1.44424304e+00
0.69000,-6.62609227e-01,1.44023703e+00
0.69200,-6.57637177e-01,1.43625076e+00
0.69400,-6.52693478e-01,1.43228411e+00
0.69600,-6.47778119e-01,1.42833697e+00
0.69800,-6.42891088e-01,1.42440924e+00
0.70000,-6.38032368e-01,1.42050081e+00
0.70200,-6.33201941e-01,1.41661158e+00
0.70400,-6.28399785e-01,1.41274143e+00
0.70600,-6.23625873e-01,1.40889026e+00
0.70800,-6.18880176e-01,1.40505796e+00
0.71000,-6.14162665e-01,1.40124443e+00
0.71200,-6.09473304e-01,1.39744957e+00
0.71400,-6.04812055e-01,1.39367325e+00
0.71600,-6.00178880e-01,1.38991539e+00
0.71800,-5.95573736e-01,1.38617587e+00
0.72000,-5.90996576e-01,1.38245459e+00
0.72200,-5.86447355e-01,1.37875145e+00
0.72400,-5.81926021e-01,1.37506634e+00
0.72600,-5.77432522e-01,1.37139916e+00
0.72800,-5.72966802e-01,1.36774980e+00
0.73000,-5.68528806e-01,1.36411816e+00
0.73200,-5.64118472e-01,1.36050415e+00
0.73400,-5.59735740e-01,1.35690764e+00
0.73600,-5.55380545e-01,1.35332855e+00
0.73800,-5.51052822e-01,1.34976678e+00
0.74000,-5.46752503e-01,1.34622221e+00
0.74200,-5.42479518e-01,1.34269476e+00
0.74400,-5.38233795e-01,1.33918431e+00
0.74600,-5.34015260e-01,1.33569077e+00
0.74800,-5.29823839e-01,1.33221405e+00
0.75000,-5.25659453e-01,1.32875403e+00
0.75200,-5.21522025e-01,1.32531063e+00
0.75400,-5.17411473e-01,1.32188374e+00
0.75600,-5.13327715e-01,1.31847326e+00
0.75800,-5.09270668e-01,1.31507910e+00
0.76000,-5.05240246e-01,1.31170116e+00
0.76200,-5.01236363e-01,1.30833935e+00
0.76400,-4.97258931e-01,1.30499356e+00
0.76600,-4.93307859e-01,1.30166371e+00
0.76800,-4.89383058e-01,1.29834969e+00
0.77000,-4.85484435e-01,1.29505142e+00
0.77200,-4.81611897e-01,1.29176879e+00
0.77400,-4.77765348e-01,1.28850171e+00
0.77600,-4.73944694e-01,1.28525010e+00
0.77800,-4.70149837e-01,1.28201385e+00
0.78000,-4.66380680e-01,1.27879288e+00
0.78200,-4.62637122e-01,1.27558709e+00
0.78400,-4.58919065e-01,1.27239639e+00
0.78600,-4.55226406e-01,1.26922068e+00
0.78800,-4.51559044e-01,1.26605989e+00
0.79000,-4.47916876e-01,1.26291392e+00
0.79200,-4.44299798e-01,1.25978268e+00
0.79400,-4.40707705e-01,1.25666608e+00
0.79600,-4.37140492e-01,1.25356402e+00
0.79800,-4.33598052e-01,1.25047644e+00
0.80000,-4.30080277e-01,1.24740322e+00
0.80200,-4.26587062e-01,1.24434430e+00
0.80400,-4.23118295e-01,1.24129958e+00
0.80600,-4.19673870e-01,1.23826897e+00
0.80800,-4.16253675e-01,1.23525240e+00
0.81000,-4.12857600e-01,1.23224977e+00
0.81200,-4.09485535e-01,1.22926099e+00
0.81400,-4.06137367e-01,1.22628600e+00
0.81600,-4.02812984e-01,1.22332469e+00
0.81800,-3.99512275e-01,1.22037700e+00
0.82000,-3.96235125e-01,1.21744283e+00
0.82200,-3.92981421e-01,1.21452210e+00
0.82400,-3.89751049e-01,1.21161474e+00
0.82600,-3.86543896e-01,1.20872066e+00
0.82800,-3.83359845e-01,1.20583977e+00
0.83000,-3.80198782e-01,1.20297201e+00
0.83200,-3.77060592e-01,1.20011728e+00
0.83400,-3.73945159e-01,1.19727552e+00
0.83600,-3.70852366e-01,1.19444663e+00
0.83800,-3.67782097e-01,1.19163055e+00
0.84000,-3.64734237e-01,1.18882720e+00
0.84200,-3.61708667e-01,1.18603649e+00
0.84400,-3.58705271e-01,1.18325835e+00
0.84600,-3.55723932e-01,1.18049271e+00
0.84800,-3.52764533e-01,1.17773949e+00
0.85000,-3.49826955e-01,1.17499861e+00
0.85200,-3.46911082e-01,1.17226999e+00
0.85400,-3.44016795e-01,1.16955357e+00
0.85600,-3.41143978e-01,1.16684927e+00
0.85800,-3.38292511e-01,1.16415702e+00
0.86000,-3.35462276e-01,1.16147673e+00
0.86200,-3.32653157e-01,1.15880835e+00
0.86400,-3.29865034e-01,1.15615180e+00
0.86600,-3.27097790e-01,1.15350700e+00
0.86800,-3.24351306e-01,1.15087389e+00
0.87000,-3.21625465e-01,1.14825239e+00
0.87200,-3.18920149e-01,1.14564243e+00
0.87400,-3.16235239e-01,1.14304395e+00
0.87600,-3.13570618e-01,1.14045688e+00
0.87800,-3.10926167e-01,1.13788114e+00
0.88000,-3.08301770e-01,1.13531666e+00
0.88200,-3.05697307e-01,1.13276339e+00
0.88400,-3.03112663e-01,1.13022125e+00
0.88600,-3.00547719e-01,1.12769017e+00
0.88800,-2.98002358e-01,1.12517009e+00
0.89000,-2.95476463e-01,1.12266094e+00
0.89200,-2.92969917e-01,1.12016266e+00
0.89400,-2.90482603e-01,1.11767518e+00
0.89600,-2.88014405e-01,1.11519843e+00
0.89800,-2.85565206e-01,1.11273236e+00
0.90000,-2.83134889e-01,1.11027689e+00
0.90200,-2.80723340e-01,1.10783197e+00
0.90400,-2.78330441e-01,1.10539752e+00
0.90600,-2.75956079e-01,1.10297350e+00
0.90800,-2.73600136e-01,1.10055983e+00
0.91000,-2.71262498e-01,1.09815645e+00
0.91200,-2.68943051e-01,1.09576330e+00
0.91400,-2.66641680e-01,1.09338033e+00
0.91600,-2.64358270e-01,1.09100747e+00
0.91800,-2.62092707e-01,1.08864465e+00
0.92000,-2.59844879e-01,1.08629183e+00
0.92200,-2.57614671e-01,1.08394893e+00
0.92400,-2.55401970e-01,1.08161591e+00
0.92600,-2.53206664e-01,1.07929270e+00
0.92800,-2.51028641e-01,1.07697925e+00
0.93000,-2.48867787e-01,1.07467549e+00
0.93200,-2.46723992e-01,1.07238138e+00
0.93400,-2.44597144e-01,1.07009684e+00
0.93600,-2.42487132e-01,1.06782183e+00
0.93800,-2.40393845e-01,1.06555629e+00
0.94000,-2.38317173e-01,1.06330017e+00
0.94200,-2.36257006e-01,1.06105340e+00
0.94400,-2.34213234e-01,1.05881594e+00
0.94600,-2.32185749e-01,1.05658772e+00
0.94800,-2.30174440e-01,1.05436870e+00
0.95000,-2.28179201e-01,1.05215883e+00
0.95200,-2.26199922e-01,1.04995803e+00
0.95400,-2.24236496e-01,1.04776627e+00
0.95600,-2.22288816e-01,1.04558349e+00
0.95800,-2.20356775e-01,1.04340964e+00
0.96000,-2.18440267e-01,1.04124467e+00
0.96200,-2.16539186e-01,1.03908852e+00
0.96400,-2.14653425e-01,1.03694115e+00
0.96600,-2.12782881e-01,1.03480249e+00
0.96800,-2.10927447e-01,1.03267251e+00
0.97000,-2.09087021e-01,1.03055115e+00
0.97200,-2.07261497e-01,1.02843836e+00
0.97400,-2.05450774e-01,1.02633409e+00
0.97600,-2.03654746e-01,1.02423829e+00
0.97800,-2.01873313e-01,1.02215091e+00
0.98000,-2.00106372e-01,1.02007192e+00
0.98200,-1.98353822e-01,1.01800124e+00
0.98400,-1.96615560e-01,1.01593885e+00
0.98600,-1.94891488e-01,1.01388468e+00
0.98800,-1.93181503e-01,1.01183870e+00
0.99000,-1.91485507e-01,1.00980086e+00
0.99200,-1.89803401e-01,1.00777111e+00
0.99400,-1.88135084e-01,1.00574940e+00
0.99600,-1.86480460e-01,1.00373568e+00
0.99800,-1.84839430e-01,1.00172992e+00
1.00000,-1.83211896e-01,9.99732070e-01
1.00200,-1.81597762e-01,9.97742079e-01
1.00400,-1.79996931e-01,9.95759904e-01
1.00600,-1.78409307e-01,9.93785502e-01
1.00800,-1.76834795e-01,9.91818829e-01
1.01000,-1.75273300e-01,9.89859840e-01
1.01200,-1.73724726e-01,9.87908493e-01
1.01400,-1.72188981e-01,9.85964744e-01
1.01600,-1.70665969e-01,9.84028550e-01
1.01800,-1.69155599e-01,9.82099869e-01
1.02000,-1.67657778e-01,9.80178659e-01
1.02200,-1.66172413e-01,9.78264876e-01
1.02400,-1.64699413e-01,9.76358481e-01
1.02600,-1.63238686e-01,9.74459431e-01
1.02800,-1.61790143e-01,9.72567685e-01
1.03000,-1.60353692e-01,9.70683202e-01
1.03200,-1.58929244e-01,9.68805943e-01
1.03400,-1.57516710e-01,9.66935865e-01
1.03600,-1.56116001e-01,9.65072931e-01
1.03800,-1.54727030e-01,9.63217099e-01
1.04000,-1.53349707e-01,9.61368331e-01
1.04200,-1.51983946e-01,9.59526586e-01
1.04400,-1.50629661e-01,9.57691828e-01
1.04600,-1.49286764e-01,9.55864016e-01
1.04800,-1.47955171e-01,9.54043112e-01
1.05000,-1.46634796e-01,9.52229078e-01
1.05200,-1.45325554e-01,9.50421877e-01
1.05400,-1.44027360e-01,9.48621471e-01
1.05600,-1.42740132e-01,9.46827822e-01
1.05800,-1.41463785e-01,9.45040893e-01
1.06000,-1.40198238e-01,9.43260648e-01
1.06200,-1.38943407e-01,9.41487050e-01
1.06400,-1.37699210e-01,9.39720063e-01
1.06600,-1.36465567e-01,9.37959651e-01
1.06800,-1.35242397e-01,9.36205777e-01
1.07000,-1.34029618e-01,9.34458407e-01
1.07200,-1.32827152e-01,9.32717505e-01
1.07400,-1.31634919e-01,9.30983036e-01
1.07600,-1.30452840e-01,9.29254965e-01
1.07800,-1.29280836e-01,9.27533257e-01
1.08000,-1.28118830e-01,9.25817878e-01
1.08200,-1.26966743e-01,9.24108794e-01
1.08400,-1.25824500e-01,9.22405972e-01
1.08600,-1.24692023e-01,9.20709377e-01
1.08800,-1.23569237e-01,9.19018975e-01
1.09000,-1.22456066e-01,9.17334735e-01
1.09200,-1.21352434e-01,9.15656622e-01
1.09400,-1.20258268e-01,9.13984605e-01
1.09600,-1.19173493e-01,9.12318649e-01
1.09800,-1.18098036e-01,9.10658724e-01
1.10000,-1.17031823e-01,9.09004797e-01
1.10200,-1.15974781e-01,9.07356836e-01
1.10400,-1.14926839e-01,9.05714810e-01
1.10600,-1.13887924e-01,9.04078686e-01
1.10800,-1.12857965e-01,9.02448435e-01
1.11000,-1.11836892e-01,9.00824024e-01
1.11200,-1.10824634e-01,8.99205423e-01
1.11400,-1.09821121e-01,8.97592601e-01
1.11600,-1.08826283e-01,8.95985529e-01
1.11800,-1.07840053e-01,8.94384175e-01
1.12000,-1.06862360e-01,8.92788509e-01
1.12200,-1.05893137e-01,8.91198503e-01
1.12400,-1.04932317e-01,8.89614126e-01
1.12600,-1.03979832e-01,8.88035349e-01
1.12800,-1.03035615e-01,8.86462142e-01
1.13000,-1.02099601e-01,8.84894478e-01
1.13200,-1.01171723e-01,8.83332326e-01
1.13400,-1.00251916e-01,8.81775658e-01
1.13600,-9.93401151e-02,8.80224446e-01
1.13800,-9.84362557e-02,8.78678662e-01
1.14000,-9.75402739e-02,8.77138277e-01
1.14200,-9.66521059e-02,8.75603264e-01
1.14400,-9.57716887e-02,8.74073594e-01
1.14600,-9.48989594e-02,8.72549241e-01
1.14800,-9.40338559e-02,8.71030178e-01
1.15000,-9.31763161e-02,8.69516376e-01
1.15200,-9.23262787e-02,8.68007809e-01
1.15400,-9.14836827e-02,8.66504450e-01
1.15600,-9.06484674e-02,8.65006273e-01
1.15800,-8.98205727e-02,8.63513251e-01
1.16000,-8.89999389e-02,8.62025359e-01
1.16200,-8.81865066e-02,8.60542569e-01
1.16400,-8.73802170e-02,8.59064855e-01
1.16600,-8.65810115e-02,8.57592193e-01
1.16800,-8.57888322e-02,8.56124557e-01
1.17000,-8.50036212e-02,8.54661921e-01
1.17200,-8.42253215e-02,8.53204260e-01
1.17400,-8.34538761e-02,8.51751548e-01
1.17600,-8.26892287e-02,8.50303762e-01
1.17800,-8.19313231e-02,8.48860876e-01
1.18000,-8.11801039e-02,8.47422865e-01
1.18200,-8.04355158e-02,8.45989706e-01
1.18400,-7.96975040e-02,8.44561373e-01
1.18600,-7.89660140e-02,8.43137843e-01
1.18800,-7.82409918e-02,8.41719092e-01
1.19000,-7.75223838e-02,8.40305096e-01
1.19200,-7.68101368e-02,8.38895832e-01
1.19400,-7.61041980e-02,8.37491275e-01
1.19600,-7.54045148e-02,8.36091403e-01
1.19800,-7.47110351e-02,8.34696193e-01
1.20000,-7.40237074e-02,8.33305620e-01
1.20200,-7.33424803e-02,8.31919663e-01
1.20400,-7.26673028e-02,8.30538299e-01
1.20600,-7.19981244e-02,8.29161504e-01
1.20800,-7.13348949e-02,8.27789257e-01
1.21000,-7.06775645e-02,8.26421536e-01
1.21200,-7.00260839e-02,8.25058317e-01
1.21400,-6.93804038e-02,8.23699580e-01
1.21600,-6.87404757e-02,8.22345302e-01
1.21800,-6.81062511e-02,8.20995461e-01
1.22000,-6.74776822e-02,8.19650036e-01
1.22200,-6.68547212e-02,8.18309005e-01
1.22400,-6.62373211e-02,8.16972347e-01
1.22600,-6.56254348e-02,8.15640041e-01
1.22800,-6.50190158e-02,8.14312066e-01
1.23000,-6.44180180e-02,8.12988401e-01
1.23200,-6.38223954e-02,8.11669024e-01
1.23400,-6.32321027e-02,8.10353916e-01
1.23600,-6.26470947e-02,8.09043055e-01
1.23800,-6.20673265e-02,8.07736422e-01
1.24000,-6.14927538e-02,8.06433996e-01
1.24200,-6.09233324e-02,8.05135756e-01
1.24400,-6.03590185e-02,8.03841684e-01
1.24600,-5.97997688e-02,8.02551758e-01
1.24800,-5.92455400e-02,8.01265959e-01
1.25000,-5.86962894e-02,7.99984268e-01
1.25200,-5.81519747e-02,7.98706665e-01
1.25400,-5.76125536e-02,7.97433131e-01
1.25600,-5.70779844e-02,7.96163645e-01
1.25800,-5.65482257e-02,7.94898190e-01
1.26000,-5.60232362e-02,7.93636746e-01
1.26200,-5.55029752e-02,7.92379293e-01
1.26400,-5.49874021e-02,7.91125814e-01
1.26600,-5.44764768e-02,7.89876290e-01
1.26800,-5.39701594e-02,7.88630701e-01
1.27000,-5.34684104e-02,7.87389030e-01
1.27200,-5.29711904e-02,7.86151258e-01
1.27400,-5.24784606e-02,7.84917367e-01
1.27600,-5.19901823e-02,7.83687338e-01
1.27800,-5.15063172e-02,7.82461154e-01
1.28000,-5.10268273e-02,7.81238797e-01
1.28200,-5.05516748e-02,7.80020249e-01
1.28400,-5.00808223e-02,7.78805492e-01
1.28600,-4.96142326e-02,7.77594509e-01
1.28800,-4.91518690e-02,7.76387282e-01
1.29000,-4.86936949e-02,7.75183794e-01
1.29200,-4.82396739e-02,7.73984028e-01
1.29400,-4.77897703e-02,7.72787965e-01
1.29600,-4.73439482e-02,7.71595590e-01
1.29800,-4.69021723e-02,7.70406886e-01
1.30000,-4.64644075e-02,7.69221835e-01
1.30200,-4.60306189e-02,7.68040421e-01
1.30400,-4.56007720e-02,7.66862627e-01
1.30600,-4.51748325e-02,7.65688436e-01
1.30800,-4.47527664e-02,7.64517832e-01
1.31000,-4.43345400e-02,7.63350800e-01
1.31200,-4.39201199e-02,7.62187321e-01
1.31400,-4.35094727e-02,7.61027382e-01
1.31600,-4.31025658e-02,7.59870964e-01
1.31800,-4.26993663e-02,7.58718053e-01
1.32000,-4.22998419e-02,7.57568632e-01
1.32200,-4.19039604e-02,7.56422686e-01
1.32400,-4.15116901e-02,7.55280198e-01
1.32600,-4.11229993e-02,7.54141154e-01
1.32800,-4.07378567e-02,7.53005539e-01
1.33000,-4.03562311e-02,7.51873335e-01
1.33200,-3.99780918e-02,7.50744529e-01
1.33400,-3.96034081e-02,7.49619105e-01
1.33600,-3.92321497e-02,7.48497047e-01
1.33800,-3.88642865e-02,7.47378342e-01
1.34000,-3.84997887e-02,7.46262973e-01
1.34200,-3.81386267e-02,7.45150926e-01
1.34400,-3.77807711e-02,7.44042186e-01
1.34600,-3.74261929e-02,7.42936739e-01
1.34800,-3.70748631e-02,7.41834570e-01
1.35000,-3.67267531e-02,7.40735664e-01
1.35200,-3.63818345e-02,7.39640007e-01
1.35400,-3.60400791e-02,7.38547585e-01
1.35600,-3.57014591e-02,7.37458383e-01
1.35800,-3.53659466e-02,7.36372387e-01
1.36000,-3.50335144e-02,7.35289584e-01
1.36200,-3.47041349e-02,7.34209958e-01
1.36400,-3.43777814e-02,7.33133496e-01
1.36600,-3.40544270e-02,7.32060185e-01
1.36800,-3.37340450e-02,7.30990010e-01
1.37000,-3.34166092e-02,7.29922958e-01
1.37200,-3.31020935e-02,7.28859015e-01
1.37400,-3.27904718e-02,7.27798167e-01
1.37600,-3.24817186e-02,7.26740402e-01
1.37800,-3.21758083e-02,7.25685705e-01
1.38000,-3.18727157e-02,7.24634064e-01
1.38200,-3.15724157e-02,7.23585465e-01
1.38400,-3.12748834e-02,7.22539895e-01
1.38600,-3.09800943e-02,7.21497341e-01
1.38800,-3.06880238e-02,7.20457790e-01
1.39000,-3.03986478e-02,7.19421230e-01
1.39200,-3.01119422e-02,7.18387646e-01
1.39400,-2.98278833e-02,7.17357027e-01
1.39600,-2.95464473e-02,7.16329359e-01
1.39800,-2.92676109e-02,7.15304630e-01
1.40000,-2.89913509e-02,7.14282828e-01
1.40200,-2.87176442e-02,7.13263940e-01
1.40400,-2.84464679e-02,7.12247954e-01
1.40600,-2.81777995e-02,7.11234857e-01
1.40800,-2.79116165e-02,7.10224636e-01
1.41000,-2.76478966e-02,7.09217280e-01
1.41200,-2.73866178e-02,7.08212777e-01
1.41400,-2.71277581e-02,7.07211115e-01
1.41600,-2.68712960e-02,7.06212280e-01
1.41800,-2.66172098e-02,7.05216263e-01
1.42000,-2.63654782e-02,7.04223049e-01
1.42200,-2.61160802e-02,7.03232629e-01
1.42400,-2.58689947e-02,7.02244990e-01
1.42600,-2.56242009e-02,7.01260120e-01
1.42800,-2.53816782e-02,7.00278008e-01
1.43000,-2.51414062e-02,6.99298642e-01
1.43200,-2.49033647e-02,6.98322011e-01
1.43400,-2.46675335e-02,6.97348104e-01
1.43600,-2.44338927e-02,6.96376908e-01
1.43800,-2.42024227e-02,6.95408413e-01
1.44000,-2.39731037e-02,6.94442607e-01
1.44200,-2.37459164e-02,6.93479480e-01
1.44400,-2.35208416e-02,6.92519019e-01
1.44600,-2.32978602e-02,6.91561215e-01
1.44800,-2.30769533e-02,6.90606056e-01
1.45000,-2.28581021e-02,6.89653531e-01
1.45200,-2.26412880e-02,6.88703629e-01
1.45400,-2.24264927e-02,6.87756340e-01
1.45600,-2.22136978e-02,6.86811653e-01
1.45800,-2.20028852e-02,6.85869557e-01
1.46000,-2.17940371e-02,6.84930041e-01
1.46200,-2.15871355e-02,6.83993094e-01
1.46400,-2.13821629e-02,6.83058708e-01
1.46600,-2.11791017e-02,6.82126870e-01
1.46800,-2.09779346e-02,6.81197570e-01
1.47000,-2.07786445e-02,6.80270799e-01
1.47200,-2.05812142e-02,6.79346545e-01
1.47400,-2.03856270e-02,6.78424799e-01
1.47600,-2.01918660e-02,6.77505551e-01
1.47800,-1.99999146e-02,6.76588790e-01
1.48000,-1.98097564e-02,6.75674505e-01
1.48200,-1.96213752e-02,6.74762689e-01
1.48400,-1.94347546e-02,6.73853329e-01
1.48600,-1.92498787e-02,6.72946416e-01
1.48800,-1.90667316e-02,6.72041941e-01
1.49000,-1.88852975e-02,6.71139894e-01
1.49200,-1.87055609e-02,6.70240265e-01
1.49400,-1.85275062e-02,6.69343043e-01
1.49600,-1.83511182e-02,6.68448221e-01
1.49800,-1.81763815e-02,6.67555787e-01
1.50000,-1.80032812e-02,6.66665733e-01
1.50200,-1.78318023e-02,6.65778048e-01
1.50400,-1.76619299e-02,6.64892724e-01
1.50600,-1.74936495e-02,6.64009751e-01
1.50800,-1.73269464e-02,6.63129120e-01
1.51000,-1.71618062e-02,6.62250821e-01
1.51200,-1.69982146e-02,6.61374846e-01
1.51400,-1.68361575e-02,6.60501184e-01
1.51600,-1.66756208e-02,6.59629827e-01
1.51800,-1.65165906e-02,6.58760766e-01
1.52000,-1.63590531e-02,6.57893991e-01
1.52200,-1.62029946e-02,6.57029494e-01
1.52400,-1.60484015e-02,6.56167266e-01
1.52600,-1.58952604e-02,6.55307298e-01
1.52800,-1.57435581e-02,6.54449580e-01
1.53000,-1.55932812e-02,6.53594105e-01
1.53200,-1.54444167e-02,6.52740863e-01
1.53400,-1.52969516e-02,6.51889846e-01
1.53600,-1.51508731e-02,6.51041044e-01
1.53800,-1.50061685e-02,6.50194450e-01
1.54000,-1.48628250e-02,6.49350054e-01
1.54200,-1.47208303e-02,6.48507849e-01
1.54400,-1.45801718e-02,6.47667825e-01
1.54600,-1.44408373e-02,6.46829974e-01
1.54800,-1.43028146e-02,6.45994288e-01
1.55000,-1.41660917e-02,6.45160759e-01
1.55200,-1.40306565e-02,6.44329377e-01
1.55400,-1.38964972e-02,6.43500135e-01
1.55600,-1.37636020e-02,6.42673025e-01
1.55800,-1.36319593e-02,6.41848038e-01
1.56000,-1.35015575e-02,6.41025166e-01
1.56200,-1.33723852e-02,6.40204401e-01
1.56400,-1.32444311e-02,6.39385735e-01
1.56600,-1.31176838e-02,6.38569160e-01
1.56800,-1.29921323e-02,6.37754668e-01
1.57000,-1.28677655e-02,6.36942251e-01
1.57200,-1.27445724e-02,6.36131900e-01
1.57400,-1.26225423e-02,6.35323609e-01
1.57600,-1.25016643e-02,6.34517370e-01
1.57800,-1.23819278e-02,6.33713173e-01
1.58000,-1.22633223e-02,6.32911013e-01
1.58200,-1.21458373e-02,6.32110881e-01
1.58400,-1.20294623e-02,6.31312769e-01
1.58600,-1.19141872e-02,6.30516669e-01
1.58800,-1.18000018e-02,6.29722575e-01
1.59000,-1.16868959e-02,6.28930479e-01
1.59200,-1.15748596e-02,6.28140372e-01
1.59400,-1.14638829e-02,6.27352248e-01
1.59600,-1.13539560e-02,6.26566099e-01
1.59800,-1.12450692e-02,6.25781918e-01
1.60000,-1.11372128e-02,6.24999697e-01
1.60200,-1.10303773e-02,6.24219429e-01
1.60400,-1.09245532e-02,6.23441107e-01
1.60600,-1.08197310e-02,6.22664723e-01
1.60800,-1.07159016e-02,6.21890270e-01
1.61000,-1.06130557e-02,6.21117742e-01
1.61200,-1.05111840e-02,6.20347130e-01
1.61400,-1.04102777e-02,6.19578428e-01
1.61600,-1.03103277e-02,6.18811628e-01
1.61800,-1.02113250e-02,6.18046724e-01
1.62000,-1.01132610e-02,6.17283709e-01
1.62200,-1.00161268e-02,6.16522575e-01
1.62400,-9.91991386e-03,6.15763316e-01
1.62600,-9.82461353e-03,6.15005924e-01
1.62800,-9.73021733e-03,6.14250393e-01
1.63000,-9.63671684e-03,6.13496716e-01
1.63200,-9.54410372e-03,6.12744887e-01
1.63400,-9.45236969e-03,6.11994897e-01
1.63600,-9.36150656e-03,6.11246742e-01
1.63800,-9.27150621e-03,6.10500413e-01
1.64000,-9.18236060e-03,6.09755904e-01
1.64200,-9.09406174e-03,6.09013209e-01
1.64400,-9.00660174e-03,6.08272321e-01
1.64600,-8.91997276e-03,6.07533234e-01
1.64800,-8.83416706e-03,6.06795940e-01
1.65000,-8.74917693e-03,6.06060433e-01
1.65200,-8.66499477e-03,6.05326708e-01
1.65400,-8.58161302e-03,6.04594756e-01
1.65600,-8.49902420e-03,6.03864573e-01
1.65800,-8.41722090e-03,6.03136151e-01
1.66000,-8.33619577e-03,6.02409484e-01
1.66200,-8.25594155e-03,6.01684566e-01
1.66400,-8.17645101e-03,6.00961391e-01
1.66600,-8.09771701e-03,6.00239952e-01
1.66800,-8.01973247e-03,5.99520243e-01
1.67000,-7.94249037e-03,5.98802257e-01
1.67200,-7.86598377e-03,5.98085990e-01
1.67400,-7.79020577e-03,5.97371433e-01
1.67600,-7.71514955e-03,5.96658582e-01
1.67800,-7.64080834e-03,5.95947431e-01
1.68000,-7.56717545e-03,5.95237972e-01
1.68200,-7.49424423e-03,5.94530201e-01
1.68400,-7.42200811e-03,5.93824110e-01
1.68600,-7.35046056e-03,5.93119695e-01
1.68800,-7.27959512e-03,5.92416949e-01
1.69000,-7.20940541e-03,5.91715866e-01
1.69200,-7.13988506e-03,5.91016441e-01
1.69400,-7.07102781e-03,5.90318667e-01
1.69600,-7.00282742e-03,5.89622539e-01
1.69800,-6.93527773e-03,5.88928050e-01
1.70000,-6.86837262e-03,5.88235196e-01
1.70200,-6.80210604e-03,5.87543970e-01
1.70400,-6.73647198e-03,5.86854366e-01
1.70600,-6.67146451e-03,5.86166379e-01
1.70800,-6.60707773e-03,5.85480004e-01
1.71000,-6.54330580e-03,5.84795234e-01
1.71200,-6.48014294e-03,5.84112064e-01
1.71400,-6.41758342e-03,5.83430488e-01
1.71600,-6.35562157e-03,5.82750501e-01
1.71800,-6.29425175e-03,5.82072097e-01
1.72000,-6.23346840e-03,5.81395270e-01
1.72200,-6.17326599e-03,5.80720016e-01
1.72400,-6.11363906e-03,5.80046329e-01
1.72600,-6.05458217e-03,5.79374202e-01
1.72800,-5.99608997e-03,5.78703632e-01
1.73000,-5.93815713e-03,5.78034612e-01
1.73200,-5.88077837e-03,5.77367137e-01
1.73400,-5.82394848e-03,5.76701202e-01
1.73600,-5.76766228e-03,5.76036801e-01
1.73800,-5.71191464e-03,5.75373929e-01
1.74000,-5.65670048e-03,5.74712581e-01
1.74200,-5.60201477e-03,5.74052751e-01
1.74400,-5.54785252e-03,5.73394435e-01
1.74600,-5.49420879e-03,5.72737627e-01
1.74800,-5.44107869e-03,5.72082322e-01
1.75000,-5.38845736e-03,5.71428515e-01
1.75200,-5.33634000e-03,5.70776201e-01
1.75400,-5.28472186e-03,5.70125374e-01
1.75600,-5.23359821e-03,5.69476030e-01
1.75800,-5.18296438e-03,5.68828163e-01
1.76000,-5.13281574e-03,5.68181768e-01
1.76200,-5.08314770e-03,5.67536841e-01
1.76400,-5.03395573e-03,5.66893376e-01
1.76600,-4.98523532e-03,5.66251369e-01
1.76800,-4.93698201e-03,5.65610814e-01
1.77000,-4.88919137e-03,5.64971707e-01
1.77200,-4.84185904e-03,5.64334042e-01
1.77400,-4.79498068e-03,5.63697815e-01
1.77600,-4.74855198e-03,5.63063021e-01
1.77800,-4.70256870e-03,5.62429655e-01
1.78000,-4.65702661e-03,5.61797713e-01
1.78200,-4.61192153e-03,5.61167189e-01
1.78400,-4.56724933e-03,5.60538078e-01
1.78600,-4.52300590e-03,5.59910377e-01
1.78800,-4.47918719e-03,5.59284080e-01
1.79000,-4.43578916e-03,5.58659182e-01
1.79200,-4.39280783e-03,5.58035679e-01
1.79400,-4.35023925e-03,5.57413567e-01
1.79600,-4.30807950e-03,5.56792840e-01
1.79800,-4.26632471e-03,5.56173493e-01
1.80000,-4.22497104e-03,5.55555524e-01
1.80200,-4.18401467e-03,5.54938925e-01
1.80400,-4.14345185e-03,5.54323694e-01
1.80600,-4.10327883e-03,5.53709826e-01
1.80800,-4.06349191e-03,5.53097316e-01
1.81000,-4.02408744e-03,5.52486159e-01
1.81200,-3.98506177e-03,5.51876352e-01
1.81400,-3.94641131e-03,5.51267889e-01
1.81600,-3.90813250e-03,5.50660766e-01
1.81800,-3.87022180e-03,5.50054979e-01
1.82000,-3.83267573e-03,5.49450524e-01
1.82200,-3.79549080e-03,5.48847395e-01
1.82400,-3.75866359e-03,5.48245590e-01
1.82600,-3.72219070e-03,5.47645102e-01
1.82800,-3.68606877e-03,5.47045928e-01
1.83000,-3.65029444e-03,5.46448065e-01
1.83200,-3.61486442e-03,5.45851506e-01
1.83400,-3.57977544e-03,5.45256249e-01
1.83600,-3.54502423e-03,5.44662288e-01
1.83800,-3.51060761e-03,5.44069620e-01
1.84000,-3.47652236e-03,5.43478240e-01
1.84200,-3.44276536e-03,5.42888145e-01
1.84400,-3.40933346e-03,5.42299330e-01
1.84600,-3.37622357e-03,5.41711790e-01
1.84800,-3.34343263e-03,5.41125522e-01
1.85000,-3.31095760e-03,5.40540522e-01
1.85200,-3.27879546e-03,5.39956786e-01
1.85400,-3.24694325e-03,5.39374308e-01
1.85600,-3.21539800e-03,5.38793086e-01
1.85800,-3.18415679e-03,5.38213116e-01
1.86000,-3.15321671e-03,5.37634392e-01
1.86200,-3.12257491e-03,5.37056912e-01
1.86400,-3.09222854e-03,5.36480671e-01
1.86600,-3.06217477e-03,5.35905665e-01
1.86800,-3.03241082e-03,5.35331891e-01
1.87000,-3.00293392e-03,5.34759344e-01
1.87200,-2.97374134e-03,5.34188020e-01
1.87400,-2.94483035e-03,5.33617916e-01
1.87600,-2.91619829e-03,5.33049027e-01
1.87800,-2.88784247e-03,5.32481350e-01
1.88000,-2.85976027e-03,5.31914881e-01
1.88200,-2.83194907e-03,5.31349615e-01
1.88400,-2.80440628e-03,5.30785550e-01
1.88600,-2.77712934e-03,5.30222681e-01
1.88800,-2.75011572e-03,5.29661005e-01
1.89000,-2.72336289e-03,5.29100517e-01
1.89200,-2.69686836e-03,5.28541215e-01
1.89400,-2.67062967e-03,5.27983093e-01
1.89600,-2.64464437e-03,5.27426149e-01
1.89800,-2.61891004e-03,5.26870379e-01
1.90000,-2.59342428e-03,5.26315779e-01
1.90200,-2.56818471e-03,5.25762345e-01
1.90400,-2.54318898e-03,5.25210074e-01
1.90600,-2.51843476e-03,5.24658962e-01
1.90800,-2.49391973e-03,5.24109005e-01
1.91000,-2.46964161e-03,5.23560200e-01
1.91200,-2.44559813e-03,5.23012543e-01
1.91400,-2.42178704e-03,5.22466031e-01
1.91600,-2.39820613e-03,5.21920659e-01
1.91800,-2.37485319e-03,5.21376425e-01
1.92000,-2.35172603e-03,5.20833325e-01
1.92200,-2.32882250e-03,5.20291355e-01
1.92400,-2.30614045e-03,5.19750512e-01
1.92600,-2.28367776e-03,5.19210792e-01
1.92800,-2.26143233e-03,5.18672192e-01
1.93000,-2.23940209e-03,5.18134708e-01
1.93200,-2.21758496e-03,5.17598336e-01
1.93400,-2.19597891e-03,5.17063075e-01
1.93600,-2.17458191e-03,5.16528919e-01
1.93800,-2.15339196e-03,5.15995865e-01
1.94000,-2.13240707e-03,5.15463911e-01
1.94200,-2.11162529e-03,5.14933052e-01
1.94400,-2.09104465e-03,5.14403286e-01
1.94600,-2.07066324e-03,5.13874608e-01
1.94800,-2.05047914e-03,5.13347016e-01
1.95000,-2.03049046e-03,5.12820507e-01
1.95200,-2.01069533e-03,5.12295076e-01
1.95400,-1.99109188e-03,5.11770721e-01
1.95600,-1.97167828e-03,5.11247438e-01
1.95800,-1.95245271e-03,5.10725224e-01
1.96000,-1.93341336e-03,5.10204076e-01
1.96200,-1.91455845e-03,5.09683991e-01
1.96400,-1.89588620e-03,5.09164964e-01
1.96600,-1.87739486e-03,5.08646994e-01
1.96800,-1.85908270e-03,5.08130076e-01
1.97000,-1.84094798e-03,5.07614208e-01
1.97200,-1.82298902e-03,5.07099387e-01
1.97400,-1.80520411e-03,5.06585608e-01
1.97600,-1.78759160e-03,5.06072870e-01
1.97800,-1.77014981e-03,5.05561169e-01
1.98000,-1.75287712e-03,5.05050501e-01
1.98200,-1.73577189e-03,5.04540864e-01
1.98400,-1.71883251e-03,5.04032254e-01
1.98600,-1.70205740e-03,5.03524669e-01
1.98800,-1.68544498e-03,5.03018105e-01
1.99000,-1.66899367e-03,5.02512559e-01
1.99200,-1.65270193e-03,5.02008028e-01
1.99400,-1.63656822e-03,5.01504510e-01
1.99600,-1.62059103e-03,5.01002000e-01
1.99800,-1.60476885e-03,5.00500497e-01
2.00000,-1.58910018e-03,4.99999997e-01
2.00200,-1.57358356e-03,4.99500496e-01
2.00400,-1.55821752e-03,4.99001993e-01
2.00600,-1.54300060e-03,4.98504483e-01
2.00800,-1.52793138e-03,4.98007965e-01
2.01000,-1.51300842e-03,4.97512435e-01
2.01200,-1.49823034e-03,4.97017890e-01
2.01400,-1.48359572e-03,4.96524327e-01
2.01600,-1.46910318e-03,4.96031743e-01
2.01800,-1.45475137e-03,4.95540136e-01
2.02000,-1.44053892e-03,4.95049502e-01
2.02200,-1.42646449e-03,4.94559839e-01
2.02400,-1.41252676e-03,4.94071144e-01
2.02600,-1.39872440e-03,4.93583413e-01
2.02800,-1.38505611e-03,4.93096644e-01
2.03000,-1.37152059e-03,4.92610835e-01
2.03200,-1.35811658e-03,4.92125982e-01
2.03400,-1.34484280e-03,4.91642082e-01
2.03600,-1.33169799e-03,4.91159133e-01
2.03800,-1.31868092e-03,4.90677132e-01
2.04000,-1.30579035e-03,4.90196076e-01
2.04200,-1.29302506e-03,4.89715963e-01
2.04400,-1.28038384e-03,4.89236789e-01
2.04600,-1.26786550e-03,4.88758551e-01
2.04800,-1.25546885e-03,4.88281248e-01
2.05000,-1.24319272e-03,4.87804876e-01
2.05200,-1.23103594e-03,4.87329433e-01
2.05400,-1.21899737e-03,4.86854915e-01
2.05600,-1.20707586e-03,4.86381321e-01
2.05800,-1.19527028e-03,4.85908647e-01
2.06000,-1.18357952e-03,4.85436891e-01
2.06200,-1.17200246e-03,4.84966051e-01
2.06400,-1.16053801e-03,4.84496122e-01
2.06600,-1.14918508e-03,4.84027104e-01
2.06800,-1.13794259e-03,4.83558993e-01
2.07000,-1.12680949e-03,4.83091786e-01
2.07200,-1.11578470e-03,4.82625481e-01
2.07400,-1.10486719e-03,4.82160076e-01
2.07600,-1.09405592e-03,4.81695567e-01
2.07800,-1.08334986e-03,4.81231952e-01
2.08000,-1.07274800e-03,4.80769229e-01
2.08200,-1.06224933e-03,4.80307395e-01
2.08400,-1.05185285e-03,4.79846448e-01
2.08600,-1.04155758e-03,4.79386384e-01
2.08800,-1.03136253e-03,4.78927202e-01
2.09000,-1.02126674e-03,4.78468898e-01
2.09200,-1.01126925e-03,4.78011471e-01
2.09400,-1.00136911e-03,4.77554918e-01
2.09600,-9.91565376e-04,4.77099235e-01
2.09800,-9.81857116e-04,4.76644422e-01
2.10000,-9.72243408e-04,4.76190475e-01
2.10200,-9.62723337e-04,4.75737392e-01
2.10400,-9.53295998e-04,4.75285170e-01
2.10600,-9.43960494e-04,4.74833807e-01
2.10800,-9.34715936e-04,4.74383301e-01
2.11000,-9.25561444e-04,4.73933648e-01
2.11200,-9.16496147e-04,4.73484848e-01
2.11400,-9.07519182e-04,4.73036896e-01
2.11600,-8.98629694e-04,4.72589791e-01
2.11800,-8.89826837e-04,4.72143531e-01
2.12000,-8.81109771e-04,4.71698112e-01
2.12200,-8.72477667e-04,4.71253534e-01
2.12400,-8.63929702e-04,4.70809792e-01
2.12600,-8.55465061e-04,4.70366885e-01
2.12800,-8.47082938e-04,4.69924811e-01
2.13000,-8.38782533e-04,4.69483567e-01
2.13200,-8.30563055e-04,4.69043151e-01
2.13400,-8.22423721e-04,4.68603561e-01
2.13600,-8.14363753e-04,4.68164793e-01
2.13800,-8.06382384e-04,4.67726847e-01
2.14000,-7.98478852e-04,4.67289719e-01
2.14200,-7.90652402e-04,4.66853407e-01
2.14400,-7.82902289e-04,4.66417910e-01
2.14600,-7.75227771e-04,4.65983224e-01
2.14800,-7.67628116e-04,4.65549348e-01
2.15000,-7.60102600e-04,4.65116278e-01
2.15200,-7.52650503e-04,4.64684014e-01
2.15400,-7.45271114e-04,4.64252553e-01
2.15600,-7.37963727e-04,4.63821892e-01
2.15800,-7.30727645e-04,4.63392029e-01
2.16000,-7.23562176e-04,4.62962962e-01
2.16200,-7.16466636e-04,4.62534690e-01
2.16400,-7.09440347e-04,4.62107208e-01
2.16600,-7.02482636e-04,4.61680517e-01
2.16800,-6.95592839e-04,4.61254612e-01
2.17000,-6.88770297e-04,4.60829493e-01
2.17200,-6.82014357e-04,4.60405156e-01
2.17400,-6.75324374e-04,4.59981600e-01
2.17600,-6.68699707e-04,4.59558823e-01
2.17800,-6.62139722e-04,4.59136822e-01
2.18000,-6.55643793e-04,4.58715596e-01
2.18200,-6.49211297e-04,4.58295142e-01
2.18400,-6.42841619e-04,4.57875457e-01
2.18600,-6.36534148e-04,4.57456541e-01
2.18800,-6.30288282e-04,4.57038391e-01
2.19000,-6.24103421e-04,4.56621004e-01
2.19200,-6.17978975e-04,4.56204379e-01
2.19400,-6.11914355e-04,4.55788514e-01
2.19600,-6.05908982e-04,4.55373406e-01
2.19800,-5.99962279e-04,4.54959053e-01
2.20000,-5.94073678e-04,4.54545454e-01
2.20200,-5.88242613e-04,4.54132606e-01
2.20400,-5.82468527e-04,4.53720508e-01
2.20600,-5.76750865e-04,4.53309157e-01
2.20800,-5.71089079e-04,4.52898550e-01
2.21000,-5.65482626e-04,4.52488687e-01
2.21200,-5.59930969e-04,4.52079566e-01
2.21400,-5.54433576e-04,4.51671183e-01
2.21600,-5.48989919e-04,4.51263538e-01
2.21800,-5.43599475e-04,4.50856627e-01
2.22000,-5.38261728e-04,4.50450450e-01
2.22200,-5.32976165e-04,4.50045004e-01
2.22400,-5.27742280e-04,4.49640287e-01
2.22600,-5.22559569e-04,4.49236298e-01
2.22800,-5.17427536e-04,4.48833034e-01
2.23000,-5.12345687e-04,4.48430493e-01
2.23200,-5.07313534e-04,4.48028674e-01
2.23400,-5.02330595e-04,4.47627574e-01
2.23600,-4.97396390e-04,4.47227191e-01
2.23800,-4.92510446e-04,4.46827524e-01
2.24000,-4.87672294e-04,4.46428571e-01
2.24200,-4.82881468e-04,4.46030330e-01
2.24400,-4.78137507e-04,4.45632798e-01
2.24600,-4.73439957e-04,4.45235975e-01
2.24800,-4.68788366e-04,4.44839857e-01
2.25000,-4.64182286e-04,4.44444444e-01
2.25200,-4.59621274e-04,4.44049733e-01
2.25400,-4.55104892e-04,4.43655723e-01
2.25600,-4.50632706e-04,4.43262411e-01
2.25800,-4.46204286e-04,4.42869796e-01
2.26000,-4.41819205e-04,4.42477876e-01
2.26200,-4.37477041e-04,4.42086649e-01
2.26400,-4.33177377e-04,4.41696113e-01
2.26600,-4.28919800e-04,4.41306266e-01
2.26800,-4.24703898e-04,4.40917107e-01
2.27000,-4.20529268e-04,4.40528634e-01
2.27200,-4.16395506e-04,4.40140845e-01
2.27400,-4.12302214e-04,4.39753738e-01
2.27600,-4.08248999e-04,4.39367311e-01
2.27800,-4.04235470e-04,4.38981563e-01
2.28000,-4.00261241e-04,4.38596491e-01
2.28200,-3.96325929e-04,4.38212095e-01
2.28400,-3.92429155e-04,4.37828371e-01
2.28600,-3.88570542e-04,4.37445319e-01
2.28800,-3.84749721e-04,4.37062937e-01
2.29000,-3.80966321e-04,4.36681223e-01
2.29200,-3.77219979e-04,4.36300174e-01
2.29400,-3.73510334e-04,4.35919791e-01
2.29600,-3.69837027e-04,4.35540070e-01
2.29800,-3.66199706e-04,4.35161009e-01
2.30000,-3.62598018e-04,4.34782609e-01
2.30200,-3.59031617e-04,4.34404865e-01
2.30400,-3.55500159e-04,4.34027778e-01
2.30600,-3.52003302e-04,4.33651344e-01
2.30800,-3.48540711e-04,4.33275563e-01
2.31000,-3.45112050e-04,4.32900433e-01
2.31200,-3.41716988e-04,4.32525951e-01
2.31400,-3.38355199e-04,4.32152117e-01
2.31600,-3.35026358e-04,4.31778929e-01
2.31800,-3.31730143e-04,4.31406385e-01
2.32000,-3.28466236e-04,4.31034483e-01
2.32200,-3.25234322e-04,4.30663221e-01
2.32400,-3.22034089e-04,4.30292599e-01
2.32600,-3.18865228e-04,4.29922614e-01
2.32800,-3.15727433e-04,4.29553265e-01
2.33000,-3.12620401e-04,4.29184549e-01
2.33200,-3.09543831e-04,4.28816466e-01
2.33400,-3.06497427e-04,4.28449014e-01
2.33600,-3.03480894e-04,4.28082192e-01
2.33800,-3.00493940e-04,4.27715997e-01
2.34000,-2.97536278e-04,4.27350427e-01
2.34200,-2.94607620e-04,4.26985482e-01
2.34400,-2.91707684e-04,4.26621160e-01
2.34600,-2.88836190e-04,4.26257459e-01
2.34800,-2.85992860e-04,4.25894378e-01
2.35000,-2.83177419e-04,4.25531915e-01
2.35200,-2.80389594e-04,4.25170068e-01
2.35400,-2.77629117e-04,4.24808836e-01
2.35600,-2.74895719e-04,4.24448217e-01
2.35800,-2.72189138e-04,4.24088210e-01
2.36000,-2.69509110e-04,4.23728813e-01
2.36200,-2.66855376e-04,4.23370025e-01
2.36400,-2.64227681e-04,4.23011844e-01
2.36600,-2.61625768e-04,4.22654269e-01
2.36800,-2.59049388e-04,4.22297297e-01
2.37000,-2.56498289e-04,4.21940928e-01
2.37200,-2.53972225e-04,4.21585160e-01
2.37400,-2.51470952e-04,4.21229992e-01
2.37600,-2.48994228e-04,4.20875421e-01
2.37800,-2.46541812e-04,4.20521447e-01
2.38000,-2.44113467e-04,4.20168067e-01
2.38200,-2.41708958e-04,4.19815281e-01
2.38400,-2.39328052e-04,4.19463087e-01
2.38600,-2.36970518e-04,4.19111484e-01
2.38800,-2.34636128e-04,4.18760469e-01
2.39000,-2.32324656e-04,4.18410042e-01
2.39200,-2.30035877e-04,4.18060201e-01
2.39400,-2.27769570e-04,4.17710944e-01
2.39600,-2.25525515e-04,4.17362270e-01
2.39800,-2.23303495e-04,4.17014178e-01
2.40000,-2.21103294e-04,4.16666667e-01
2.40200,-2.18924699e-04,4.16319734e-01
2.40400,-2.16767498e-04,4.15973378e-01
2.40600,-2.14631483e-04,4.15627598e-01
2.40800,-2.12516446e-04,4.15282392e-01
2.41000,-2.10422182e-04,4.14937759e-01
2.41200,-2.08348488e-04,4.14593698e-01
2.41400,-2.06295163e-04,4.14250207e-01
2.41600,-2.04262008e-04,4.13907285e-01
2.41800,-2.02248824e-04,4.13564930e-01
2.42000,-2.00255418e-04,4.13223140e-01
2.42200,-1.98281595e-04,4.12881916e-01
2.42400,-1.96327164e-04,4.12541254e-01
2.42600,-1.94391935e-04,4.12201154e-01
2.42800,-1.92475720e-04,4.11861614e-01
2.43000,-1.90578333e-04,4.11522634e-01
2.43200,-1.88699591e-04,4.11184210e-01
2.43400,-1.86839310e-04,4.10846343e-01
2.43600,-1.84997310e-04,4.10509031e-01
2.43800,-1.83173411e-04,4.10172272e-01
2.44000,-1.81367438e-04,4.09836066e-01
2.44200,-1.79579214e-04,4.09500409e-01
2.44400,-1.77808566e-04,4.09165303e-01
2.44600,-1.76055321e-04,4.08830744e-01
2.44800,-1.74319309e-04,4.08496732e-01
2.45000,-1.72600362e-04,4.08163265e-01
2.45200,-1.70898312e-04,4.07830343e-01
2.45400,-1.69212994e-04,4.07497962e-01
2.45600,-1.67544245e-04,4.07166124e-01
2.45800,-1.65891901e-04,4.06834825e-01
2.46000,-1.64255803e-04,4.06504065e-01
2.46200,-1.62635791e-04,4.06173842e-01
2.46400,-1.61031708e-04,4.05844156e-01
2.46600,-1.59443397e-04,4.05515004e-01
2.46800,-1.57870705e-04,4.05186386e-01
2.47000,-1.56313477e-04,4.04858300e-01
2.47200,-1.54771564e-04,4.04530744e-01
2.47400,-1.53244814e-04,4.04203719e-01
2.47600,-1.51733079e-04,4.03877221e-01
2.47800,-1.50236213e-04,4.03551251e-01
2.48000,-1.48754069e-04,4.03225806e-01
2.48200,-1.47286503e-04,4.02900886e-01
2.48400,-1.45833372e-04,4.02576490e-01
2.48600,-1.44394536e-04,4.02252615e-01
2.48800,-1.42969853e-04,4.01929260e-01
2.49000,-1.41559185e-04,4.01606426e-01
2.49200,-1.40162395e-04,4.01284109e-01
2.49400,-1.38779347e-04,4.00962310e-01
2.49600,-1.37409906e-04,4.00641026e-01
2.49800,-1.36053939e-04,4.00320256e-01
2.50000,-1.34711313e-04,4.00000000e-01
2.50200,-1.33381898e-04,3.99680256e-01
2.50400,-1.32065565e-04,3.99361022e-01
2.50600,-1.30762184e-04,3.99042298e-01
2.50800,-1.29471630e-04,3.98724083e-01
2.51000,-1.28193776e-04,3.98406374e-01
2.51200,-1.26928498e-04,3.98089172e-01
2.51400,-1.25675673e-04,3.97772474e-01
2.51600,-1.24435178e-04,3.97456280e-01
2.51800,-1.23206893e-04,3.97140588e-01
2.52000,-1.21990697e-04,3.96825397e-01
2.52200,-1.20786473e-04,3.96510706e-01
2.52400,-1.19594102e-04,3.96196513e-01
2.52600,-1.18413469e-04,3.95882819e-01
2.52800,-1.17244459e-04,3.95569620e-01
2.53000,-1.16086957e-04,3.95256917e-01
2.53200,-1.14940850e-04,3.94944708e-01
2.53400,-1.13806027e-04,3.94632991e-01
2.53600,-1.12682378e-04,3.94321767e-01
2.53800,-1.11569791e-04,3.94011032e-01
2.54000,-1.10468160e-04,3.93700787e-01
2.54200,-1.09377376e-04,3.93391031e-01
2.54400,-1.08297333e-04,3.93081761e-01
2.54600,-1.07227926e-04,3.92772977e-01
2.54800,-1.06169049e-04,3.92464678e-01
2.55000,-1.05120601e-04,3.92156863e-01
2.55200,-1.04082478e-04,3.91849530e-01
2.55400,-1.03054580e-04,3.91542678e-01
2.55600,-1.02036805e-04,3.91236307e-01
2.55800,-1.01029055e-04,3.90930414e-01
2.56000,-1.00031231e-04,3.90625000e-01
2.56200,-9.90432357e-05,3.90320062e-01
2.56400,-9.80649725e-05,3.90015601e-01
2.56600,-9.70963459e-05,3.89711613e-01
2.56800,-9.61372614e-05,3.89408100e-01
2.57000,-9.51876252e-05,3.89105058e-01
2.57200,-9.42473446e-05,3.88802488e-01
2.57400,-9.33163278e-05,3.88500388e-01
2.57600,-9.23944837e-05,3.88198758e-01
2.57800,-9.14817224e-05,3.87897595e-01
2.58000,-9.05779545e-05,3.87596899e-01
2.58200,-8.96830919e-05,3.87296669e-01
2.58400,-8.87970470e-05,3.86996904e-01
2.58600,-8.79197332e-05,3.86697602e-01
2.58800,-8.70510649e-05,3.86398764e-01
2.59000,-8.61909570e-05,3.86100386e-01
2.59200,-8.53393255e-05,3.85802469e-01
2.59400,-8.44960872e-05,3.85505012e-01
2.59600,-8.36611596e-05,3.85208012e-01
2.59800,-8.28344610e-05,3.84911470e-01
2.60000,-8.20159106e-05,3.84615385e-01
2.60200,-8.12054283e-05,3.84319754e-01
2.60400,-8.04029350e-05,3.84024578e-01
2.60600,-7.96083521e-05,3.83729854e-01
2.60800,-7.88216018e-05,3.83435583e-01
2.61000,-7.80426072e-05,3.83141762e-01
2.61200,-7.72712922e-05,3.82848392e-01
2.61400,-7.65075812e-05,3.82555471e-01
2.61600,-7.57513995e-05,3.82262997e-01
2.61800,-7.50026731e-05,3.81970970e-01
2.62000,-7.42613287e-05,3.81679389e-01
2.62200,-7.35272939e-05,3.81388253e-01
2.62400,-7.28004967e-05,3.81097561e-01
2.62600,-7.20808660e-05,3.80807311e-01
2.62800,-7.13683314e-05,3.80517504e-01
2.63000,-7.06628231e-05,3.80228137e-01
2.63200,-6.99642720e-05,3.79939210e-01
2.63400,-6.92726098e-05,3.79650721e-01
2.63600,-6.85877687e-05,3.79362671e-01
2.63800,-6.79096817e-05,3.79075057e-01
2.64000,-6.72382823e-05,3.78787879e-01
2.64200,-6.65735049e-05,3.78501136e-01
2.64400,-6.59152842e-05,3.78214826e-01
2.64600,-6.52635558e-05,3.77928949e-01
2.64800,-6.46182560e-05,3.77643505e-01
2.65000,-6.39793214e-05,3.77358491e-01
2.65200,-6.33466894e-05,3.77073906e-01
2.65400,-6.27202982e-05,3.76789751e-01
2.65600,-6.21000862e-05,3.76506024e-01
2.65800,-6.14859928e-05,3.76222724e-01
2.66000,-6.08779577e-05,3.75939850e-01
2.66200,-6.02759214e-05,3.75657400e-01
2.66400,-5.96798248e-05,3.75375375e-01
2.66600,-5.90896096e-05,3.75093773e-01
2.66800,-5.85052178e-05,3.74812594e-01
2.67000,-5.79265922e-05,3.74531835e-01
2.67200,-5.73536761e-05,3.74251497e-01
2.67400,-5.67864132e-05,3.73971578e-01
2.67600,-5.62247480e-05,3.73692078e-01
2.67800,-5.56686254e-05,3.73412995e-01
2.68000,-5.51179909e-05,3.73134328e-01
2.68200,-5.45727904e-05,3.72856078e-01
2.68400,-5.40329705e-05,3.72578241e-01
2.68600,-5.34984782e-05,3.72300819e-01
2.68800,-5.29692611e-05,3.72023810e-01
2.69000,-5.24452673e-05,3.71747212e-01
2.69200,-5.19264454e-05,3.71471025e-01
2.69400,-5.14127445e-05,3.71195249e-01
2.69600,-5.09041142e-05,3.70919881e-01
2.69800,-5.04005045e-05,3.70644922e-01
2.70000,-4.99018661e-05,3.70370370e-01
2.70200,-4.94081500e-05,3.70096225e-01
2.70400,-4.89193078e-05,3.69822485e-01
2.70600,-4.84352915e-05,3.69549150e-01
2.70800,-4.79560535e-05,3.69276219e-01
2.71000,-4.74815469e-05,3.69003690e-01
2.71200,-4.70117251e-05,3.68731563e-01
2.71400,-4.65465419e-05,3.68459838e-01
2.71600,-4.60859516e-05,3.68188513e-01
2.71800,-4.56299091e-05,3.67917586e-01
2.72000,-4.51783696e-05,3.67647059e-01
2.72200,-4.47312887e-05,3.67376929e-01
2.72400,-4.42886225e-05,3.67107195e-01
2.72600,-4.38503275e-05,3.66837858e-01
2.72800,-4.34163608e-05,3.66568915e-01
2.73000,-4.29866796e-05,3.66300366e-01
2.73200,-4.25612418e-05,3.66032211e-01
2.73400,-4.21400055e-05,3.65764448e-01
2.73600,-4.17229295e-05,3.65497076e-01
2.73800,-4.13099726e-05,3.65230095e-01
2.74000,-4.09010944e-05,3.64963504e-01
2.74200,-4.04962547e-05,3.64697301e-01
2.74400,-4.00954136e-05,3.64431487e-01
2.74600,-3.96985319e-05,3.64166060e-01
2.74800,-3.93055704e-05,3.63901019e-01
2.75000,-3.89164906e-05,3.63636364e-01
2.75200,-3.85312543e-05,3.63372093e-01
2.75400,-3.81498235e-05,3.63108206e-01
2.75600,-3.77721607e-05,3.62844702e-01
2.75800,-3.73982290e-05,3.62581581e-01
2.76000,-3.70279913e-05,3.62318841e-01
2.76200,-3.66614115e-05,3.62056481e-01
2.76400,-3.62984534e-05,3.61794501e-01
2.76600,-3.59390813e-05,3.61532899e-01
2.76800,-3.55832600e-05,3.61271676e-01
2.77000,-3.52309544e-05,3.61010830e-01
2.77200,-3.48821298e-05,3.60750361e-01
2.77400,-3.45367520e-05,3.60490267e-01
2.77600,-3.41947870e-05,3.60230548e-01
2.77800,-3.38562011e-05,3.59971202e-01
2.78000,-3.35209611e-05,3.59712230e-01
2.78200,-3.31890340e-05,3.59453630e-01
2.78400,-3.28603870e-05,3.59195402e-01
2.78600,-3.25349880e-05,3.58937545e-01
2.78800,-3.22128048e-05,3.58680057e-01
2.79000,-3.18938057e-05,3.58422939e-01
2.79200,-3.15779595e-05,3.58166189e-01
2.79400,-3.12652349e-05,3.57909807e-01
2.79600,-3.09556012e-05,3.57653791e-01
2.79800,-3.06490280e-05,3.57398142e-01
2.80000,-3.03454850e-05,3.57142857e-01
2.80200,-3.00449424e-05,3.56887937e-01
2.80400,-2.97473706e-05,3.56633381e-01
2.80600,-2.94527404e-05,3.56379187e-01
2.80800,-2.91610226e-05,3.56125356e-01
2.81000,-2.88721886e-05,3.55871886e-01
2.81200,-2.85862099e-05,3.55618777e-01
2.81400,-2.83030584e-05,3.55366027e-01
2.81600,-2.80227063e-05,3.55113636e-01
2.81800,-2.77451258e-05,3.54861604e-01
2.82000,-2.74702897e-05,3.54609929e-01
2.82200,-2.71981708e-05,3.54358611e-01
2.82400,-2.69287425e-05,3.54107649e-01
2.82600,-2.66619781e-05,3.53857042e-01
2.82800,-2.63978514e-05,3.53606789e-01
2.83000,-2.61363363e-05,3.53356890e-01
2.83200,-2.58774071e-05,3.53107345e-01
2.83400,-2.56210383e-05,3.52858151e-01
2.83600,-2.53672047e-05,3.52609309e-01
2.83800,-2.51158811e-05,3.52360817e-01
2.84000,-2.48670429e-05,3.52112676e-01
2.84200,-2.46206656e-05,3.51864884e-01
2.84400,-2.43767248e-05,3.51617440e-01
2.84600,-2.41351965e-05,3.51370344e-01
2.84800,-2.38960569e-05,3.51123596e-01
2.85000,-2.36592824e-05,3.50877193e-01
2.85200,-2.34248498e-05,3.50631136e-01
2.85400,-2.31927358e-05,3.50385424e-01
2.85600,-2.29629177e-05,3.50140056e-01
2.85800,-2.27353727e-05,3.49895031e-01
2.86000,-2.25100785e-05,3.49650350e-01
2.86200,-2.22870127e-05,3.49406010e-01
2.86400,-2.20661535e-05,3.49162011e-01
2.86600,-2.18474790e-05,3.48918353e-01
2.86800,-2.16309677e-05,3.48675035e-01
2.87000,-2.14165982e-05,3.48432056e-01
2.87200,-2.12043495e-05,3.48189415e-01
2.87400,-2.09942004e-05,3.47947112e-01
2.87600,-2.07861305e-05,3.47705146e-01
2.87800,-2.05801190e-05,3.47463516e-01
2.88000,-2.03761457e-05,3.47222222e-01
2.88200,-2.01741904e-05,3.46981263e-01
2.88400,-1.99742334e-05,3.46740638e-01
2.88600,-1.97762547e-05,3.46500347e-01
2.88800,-1.95802349e-05,3.46260388e-01
2.89000,-1.93861547e-05,3.46020761e-01
2.89200,-1.91939949e-05,3.45781466e-01
2.89400,-1.90037365e-05,3.45542502e-01
2.89600,-1.88153608e-05,3.45303867e-01
2.89800,-1.86288491e-05,3.45065562e-01
2.90000,-1.84441832e-05,3.44827586e-01
2.90200,-1.82613446e-05,3.44589938e-01
2.90400,-1.80803155e-05,3.44352617e-01
2.90600,-1.79010779e-05,3.44115623e-01
2.90800,-1.77236142e-05,3.43878955e-01
2.91000,-1.75479067e-05,3.43642612e-01
2.91200,-1.73739383e-05,3.43406593e-01
2.91400,-1.72016916e-05,3.43170899e-01
2.91600,-1.70311498e-05,3.42935528e-01
2.91800,-1.68622959e-05,3.42700480e-01
2.92000,-1.66951133e-05,3.42465753e-01
2.92200,-1.65295855e-05,3.42231348e-01
2.92400,-1.63656961e-05,3.41997264e-01
2.92600,-1.62034290e-05,3.41763500e-01
2.92800,-1.60427681e-05,3.41530055e-01
2.93000,-1.58836975e-05,3.41296928e-01
2.93200,-1.57262017e-05,3.41064120e-01
2.93400,-1.55702649e-05,3.40831629e-01
2.93600,-1.54158718e-05,3.40599455e-01
2.93800,-1.52630072e-05,3.40367597e-01
2.94000,-1.51116559e-05,3.40136054e-01
2.94200,-1.49618030e-05,3.39904827e-01
2.94400,-1.48134337e-05,3.39673913e-01
2.94600,-1.46665333e-05,3.39443313e-01
2.94800,-1.45210874e-05,3.39213026e-01
2.95000,-1.43770814e-05,3.38983051e-01
2.95200,-1.42345014e-05,3.38753388e-01
2.95400,-1.40933330e-05,3.38524035e-01
2.95600,-1.39535624e-05,3.38294993e-01
2.95800,-1.38151758e-05,3.38066261e-01
2.96000,-1.36781595e-05,3.37837838e-01
2.96200,-1.35424999e-05,3.37609723e-01
2.96400,-1.34081837e-05,3.37381916e-01
2.96600,-1.32751976e-05,3.37154417e-01
2.96800,-1.31435283e-05,3.36927224e-01
2.97000,-1.30131630e-05,3.36700337e-01
2.97200,-1.28840887e-05,3.36473755e-01
2.97400,-1.27562927e-05,3.36247478e-01
2.97600,-1.26297622e-05,3.36021505e-01
2.97800,-1.25044849e-05,3.35795836e-01
2.98000,-1.23804484e-05,3.35570470e-01
2.98200,-1.22576403e-05,3.35345406e-01
2.98400,-1.21360485e-05,3.35120643e-01
2.98600,-1.20156610e-05,3.34896182e-01
2.98800,-1.18964659e-05,3.34672021e-01
2.99000,-1.17784514e-05,3.34448161e-01
2.99200,-1.16616059e-05,3.34224599e-01
2.99400,-1.15459177e-05,3.34001336e-01
2.99600,-1.14313754e-05,3.33778371e-01
2.99800,-1.13179678e-05,3.33555704e-01
3.00000,-1.12056836e-05,3.33333333e-01
3.00200,-1.10945116e-05,3.33111259e-01
3.00400,-1.09844410e-05,3.32889481e-01
3.00600,-1.08754607e-05,3.32667997e-01
3.00800,-1.07675600e-05,3.32446809e-01
3.01000,-1.06607283e-05,3.32225914e-01
3.01200,-1.05549550e-05,3.32005312e-01
3.01400,-1.04502295e-05,3.31785003e-01
3.01600,-1.03465416e-05,3.31564987e-01
3.01800,-1.02438810e-05,3.31345262e-01
3.02000,-1.01422375e-05,3.31125828e-01
3.02200,-1.00416011e-05,3.30906684e-01
3.02400,-9.94196175e-06,3.30687831e-01
3.02600,-9.84330967e-06,3.30469266e-01
3.02800,-9.74563507e-06,3.30250991e-01
3.03000,-9.64892828e-06,3.30033003e-01
3.03200,-9.55317973e-06,3.29815303e-01
3.03400,-9.45837994e-06,3.29597891e-01
3.03600,-9.36451953e-06,3.29380764e-01
3.03800,-9.27158921e-06,3.29163924e-01
3.04000,-9.17957977e-06,3.28947368e-01
3.04200,-9.08848212e-06,3.28731098e-01
3.04400,-8.99828722e-06,3.28515112e-01
3.04600,-8.90898615e-06,3.28299409e-01
3.04800,-8.82057006e-06,3.28083990e-01
3.05000,-8.73303021e-06,3.27868852e-01
3.05200,-8.64635793e-06,3.27653997e-01
3.05400,-8.56054462e-06,3.27439424e-01
3.05600,-8.47558179e-06,3.27225131e-01
3.05800,-8.39146104e-06,3.27011118e-01
3.06000,-8.30817402e-06,3.26797386e-01
3.06200,-8.22571249e-06,3.26583932e-01
3.06400,-8.14406828e-06,3.26370757e-01
3.06600,-8.06323330e-06,3.26157860e-01
3.06800,-7.98319956e-06,3.25945241e-01
3.07000,-7.90395911e-06,3.25732899e-01
3.07200,-7.82550411e-06,3.25520833e-01
3.07400,-7.74782679e-06,3.25309044e-01
3.07600,-7.67091945e-06,3.25097529e-01
3.07800,-7.59477447e-06,3.24886290e-01
3.08000,-7.51938431e-06,3.24675325e-01
3.08200,-7.44474151e-06,3.24464633e-01
3.08400,-7.37083865e-06,3.24254215e-01
3.08600,-7.29766843e-06,3.24044070e-01
3.08800,-7.22522358e-06,3.23834197e-01
3.09000,-7.15349693e-06,3.23624595e-01
3.09200,-7.08248138e-06,3.23415265e-01
3.09400,-7.01216988e-06,3.23206206e-01
3.09600,-6.94255547e-06,3.22997416e-01
3.09800,-6.87363125e-06,3.22788896e-01
3.10000,-6.80539038e-06,3.22580645e-01
3.10200,-6.73782610e-06,3.22372663e-01
3.10400,-6.67093171e-06,3.22164948e-01
3.10600,-6.60470059e-06,3.21957502e-01
3.10800,-6.53912617e-06,3.21750322e-01
3.11000,-6.47420194e-06,3.21543408e-01
3.11200,-6.40992148e-06,3.21336761e-01
3.11400,-6.34627840e-06,3.21130379e-01
3.11600,-6.28326640e-06,3.20924262e-01
3.11800,-6.22087923e-06,3.20718409e-01
3.12000,-6.15911071e-06,3.20512821e-01
3.12200,-6.09795471e-06,3.20307495e-01
3.12400,-6.03740516e-06,3.20102433e-01
3.12600,-5.97745606e-06,3.19897633e-01
3.12800,-5.91810148e-06,3.19693095e-01
3.13000,-5.85933551e-06,3.19488818e-01
3.13200,-5.80115233e-06,3.19284802e-01
3.13400,-5.74354618e-06,3.19081047e-01
3.13600,-5.68651133e-06,3.18877551e-01
3.13800,-5.63004214e-06,3.18674315e-01
3.14000,-5.57413300e-06,3.18471338e-01
3.14200,-5.51877836e-06,3.18268619e-01
3.14400,-5.46397274e-06,3.18066158e-01
3.14600,-5.40971069e-06,3.17863954e-01
3.14800,-5.35598684e-06,3.17662008e-01
3.15000,-5.30279586e-06,3.17460317e-01
3.15200,-5.25013246e-06,3.17258883e-01
3.15400,-5.19799143e-06,3.17057705e-01
3.15600,-5.14636758e-06,3.16856781e-01
3.15800,-5.09525580e-06,3.16656111e-01
3.16000,-5.04465102e-06,3.16455696e-01
3.16200,-4.99454821e-06,3.16255534e-01
3.16400,-4.94494241e-06,3.16055626e-01
3.16600,-4.89582869e-06,3.15855970e-01
3.16800,-4.84720217e-06,3.15656566e-01
3.17000,-4.79905804e-06,3.15457413e-01
3.17200,-4.75139150e-06,3.15258512e-01
3.17400,-4.70419784e-06,3.15059861e-01
3.17600,-4.65747237e-06,3.14861461e-01
3.17800,-4.61121045e-06,3.14663310e-01
3.18000,-4.56540748e-06,3.14465409e-01
3.18200,-4.52005893e-06,3.14267756e-01
3.18400,-4.47516029e-06,3.14070352e-01
3.18600,-4.43070711e-06,3.13873195e-01
3.18800,-4.38669496e-06,3.13676286e-01
3.19000,-4.34311949e-06,3.13479624e-01
3.19200,-4.29997636e-06,3.13283208e-01
3.19400,-4.25726129e-06,3.13087038e-01
3.19600,-4.21497005e-06,3.12891114e-01
3.19800,-4.17309842e-06,3.12695435e-01
3.20000,-4.13164226e-06,3.12500000e-01
3.20200,-4.09059745e-06,3.12304809e-01
3.20400,-4.04995992e-06,3.12109863e-01
3.20600,-4.00972562e-06,3.11915159e-01
3.20800,-3.96989056e-06,3.11720698e-01
3.21000,-3.93045079e-06,3.11526480e-01
3.21200,-3.89140238e-06,3.11332503e-01
3.21400,-3.85274147e-06,3.11138768e-01
3.21600,-3.81446421e-06,3.10945274e-01
3.21800,-3.77656680e-06,3.10752020e-01
3.22000,-3.73904548e-06,3.10559006e-01
3.22200,-3.70189651e-06,3.10366232e-01
3.22400,-3.66511621e-06,3.10173697e-01
3.22600,-3.62870093e-06,3.09981401e-01
3.22800,-3.59264705e-06,3.09789343e-01
3.23000,-3.55695098e-06,3.09597523e-01
3.23200,-3.52160919e-06,3.09405941e-01
3.23400,-3.48661815e-06,3.09214595e-01
3.23600,-3.45197439e-06,3.09023486e-01
3.23800,-3.41767448e-06,3.08832613e-01
3.24000,-3.38371500e-06,3.08641975e-01
3.24200,-3.35009257e-06,3.08451573e-01
3.24400,-3.31680387e-06,3.08261406e-01
3.24600,-3.28384558e-06,3.08071473e-01
3.24800,-3.25121442e-06,3.07881773e-01
3.25000,-3.21890715e-06,3.07692308e-01
3.25200,-3.18692057e-06,3.07503075e-01
3.25400,-3.15525149e-06,3.07314075e-01
3.25600,-3.12389676e-06,3.07125307e-01
3.25800,-3.09285328e-06,3.06936771e-01
3.26000,-3.06211795e-06,3.06748466e-01
3.26200,-3.03168772e-06,3.06560392e-01
3.26400,-3.00155957e-06,3.06372549e-01
3.26600,-2.97173049e-06,3.06184936e-01
3.26800,-2.94219754e-06,3.05997552e-01
3.27000,-2.91295776e-06,3.05810398e-01
3.27200,-2.88400826e-06,3.05623472e-01
3.27400,-2.85534615e-06,3.05436775e-01
3.27600,-2.82696859e-06,3.05250305e-01
3.27800,-2.79887275e-06,3.05064063e-01
3.28000,-2.77105585e-06,3.04878049e-01
3.28200,-2.74351512e-06,3.04692261e-01
3.28400,-2.71624781e-06,3.04506699e-01
3.28600,-2.68925122e-06,3.04321363e-01
3.28800,-2.66252266e-06,3.04136253e-01
3.29000,-2.63605948e-06,3.03951368e-01
3.29200,-2.60985904e-06,3.03766707e-01
3.29400,-2.58391874e-06,3.03582271e-01
3.29600,-2.55823600e-06,3.03398058e-01
3.29800,-2.53280827e-06,3.03214069e-01
3.30000,-2.50763301e-06,3.03030303e-01
3.30200,-2.48270773e-06,3.02846760e-01
3.30400,-2.45802994e-06,3.02663438e-01
3.30600,-2.43359719e-06,3.02480339e-01
3.30800,-2.40940705e-06,3.02297461e-01
3.31000,-2.38545711e-06,3.02114804e-01
3.31200,-2.36174500e-06,3.01932367e-01
3.31400,-2.33826835e-06,3.01750151e-01
3.31600,-2.31502482e-06,3.01568154e-01
3.31800,-2.29201212e-06,3.01386377e-01
3.32000,-2.26922793e-06,3.01204819e-01
3.32200,-2.24667001e-06,3.01023480e-01
3.32400,-2.22433611e-06,3.00842359e-01
3.32600,-2.20222400e-06,3.00661455e-01
3.32800,-2.18033148e-06,3.00480769e-01
3.33000,-2.15865638e-06,3.00300300e-01
3.33200,-2.13719654e-06,3.00120048e-01
3.33400,-2.11594983e-06,2.99940012e-01
3.33600,-2.09491412e-06,2.99760192e-01
3.33800,-2.07408733e-06,2.99580587e-01
3.34000,-2.05346739e-06,2.99401198e-01
3.34200,-2.03305224e-06,2.99222023e-01
3.34400,-2.01283986e-06,2.99043062e-01
3.34600,-1.99282822e-06,2.98864316e-01
3.34800,-1.97301535e-06,2.98685783e-01
3.35000,-1.95339926e-06,2.98507463e-01
3.35200,-1.93397800e-06,2.98329356e-01
3.35400,-1.91474965e-06,2.98151461e-01
3.35600,-1.89571229e-06,2.97973778e-01
3.35800,-1.87686402e-06,2.97796307e-01
3.36000,-1.85820297e-06,2.97619048e-01
3.36200,-1.83972728e-06,2.97441999e-01
3.36400,-1.82143511e-06,2.97265161e-01
3.36600,-1.80332464e-06,2.97088532e-01
3.36800,-1.78539407e-06,2.96912114e-01
3.37000,-1.76764162e-06,2.96735905e-01
3.37200,-1.75006551e-06,2.96559905e-01
3.37400,-1.73266399e-06,2.96384114e-01
3.37600,-1.71543534e-06,2.96208531e-01
3.37800,-1.69837784e-06,2.96033156e-01
3.38000,-1.68148979e-06,2.95857988e-01
3.38200,-1.66476951e-06,2.95683028e-01
3.38400,-1.64821533e-06,2.95508274e-01
3.38600,-1.63182561e-06,2.95333727e-01
3.38800,-1.61559872e-06,2.95159386e-01
3.39000,-1.59953303e-06,2.94985251e-01
3.39200,-1.58362695e-06,2.94811321e-01
3.39400,-1.56787890e-06,2.94637596e-01
3.39600,-1.55228730e-06,2.94464075e-01
3.39800,-1.53685061e-06,2.94290759e-01
3.40000,-1.52156729e-06,2.94117647e-01
3.40200,-1.50643581e-06,2.93944738e-01
3.40400,-1.49145466e-06,2.93772033e-01
3.40600,-1.47662237e-06,2.93599530e-01
3.40800,-1.46193744e-06,2.93427230e-01
3.41000,-1.44739842e-06,2.93255132e-01
3.41200,-1.43300386e-06,2.93083236e-01
3.41400,-1.41875233e-06,2.92911541e-01
3.41600,-1.40464240e-06,2.92740047e-01
3.41800,-1.39067266e-06,2.92568754e-01
3.42000,-1.37684174e-06,2.92397661e-01
3.42200,-1.36314825e-06,2.92226768e-01
3.42400,-1.34959082e-06,2.92056075e-01
3.42600,-1.33616811e-06,2.91885581e-01
3.42800,-1.32287878e-06,2.91715286e-01
3.43000,-1.30972150e-06,2.91545190e-01
3.43200,-1.29669497e-06,2.91375291e-01
3.43400,-1.28379788e-06,2.91205591e-01
3.43600,-1.27102896e-06,2.91036088e-01
3.43800,-1.25838692e-06,2.90866783e-01
3.44000,-1.24587052e-06,2.90697674e-01
3.44200,-1.23347849e-06,2.90528762e-01
3.44400,-1.22120962e-06,2.90360046e-01
3.44600,-1.20906267e-06,2.90191526e-01
3.44800,-1.19703643e-06,2.90023202e-01
3.45000,-1.18512971e-06,2.89855072e-01
3.45200,-1.17334133e-06,2.89687138e-01
3.45400,-1.16167009e-06,2.89519398e-01
3.45600,-1.15011485e-06,2.89351852e-01
3.45800,-1.13867445e-06,2.89184500e-01
3.46000,-1.12734775e-06,2.89017341e-01
3.46200,-1.11613363e-06,2.88850376e-01
3.46400,-1.10503095e-06,2.88683603e-01
3.46600,-1.09403863e-06,2.88517023e-01
3.46800,-1.08315556e-06,2.88350634e-01
3.47000,-1.07238065e-06,2.88184438e-01
3.47200,-1.06171284e-06,2.88018433e-01
3.47400,-1.05115106e-06,2.87852619e-01
3.47600,-1.04069425e-06,2.87686997e-01
3.47800,-1.03034138e-06,2.87521564e-01
3.48000,-1.02009142e-06,2.87356322e-01
3.48200,-1.00994333e-06,2.87191269e-01
3.48400,-9.99896117e-07,2.87026406e-01
3.48600,-9.89948770e-07,2.86861733e-01
3.48800,-9.80100299e-07,2.86697248e-01
3.49000,-9.70349723e-07,2.86532951e-01
3.49200,-9.60696070e-07,2.86368843e-01
3.49400,-9.51138377e-07,2.86204923e-01
3.49600,-9.41675691e-07,2.86041190e-01
3.49800,-9.32307069e-07,2.85877644e-01
3.50000,-9.23031577e-07,2.85714286e-01
3.50200,-9.13848290e-07,2.85551114e-01
3.50400,-9.04756291e-07,2.85388128e-01
3.50600,-8.95754676e-07,2.85225328e-01
3.50800,-8.86842545e-07,2.85062714e-01
3.51000,-8.78019011e-07,2.84900285e-01
3.51200,-8.69283193e-07,2.84738041e-01
3.51400,-8.60634221e-07,2.84575982e-01
3.51600,-8.52071232e-07,2.84414107e-01
3.51800,-8.43593371e-07,2.84252416e-01
3.52000,-8.35199794e-07,2.84090909e-01
3.52200,-8.26889664e-07,2.83929585e-01
3.52400,-8.18662151e-07,2.83768445e-01
3.52600,-8.10516435e-07,2.83607487e-01
3.52800,-8.02451703e-07,2.83446712e-01
3.53000,-7.94467152e-07,2.83286119e-01
3.53200,-7.86561985e-07,2.83125708e-01
3.53400,-7.78735413e-07,2.82965478e-01
3.53600,-7.70986656e-07,2.82805430e-01
3.53800,-7.63314941e-07,2.82645562e-01
3.54000,-7.55719502e-07,2.82485876e-01
3.54200,-7.48199583e-07,2.82326369e-01
3.54400,-7.40754432e-07,2.82167043e-01
3.54600,-7.33383307e-07,2.82007896e-01
3.54800,-7.26085473e-07,2.81848929e-01
3.55000,-7.18860202e-07,2.81690141e-01
3.55200,-7.11706773e-07,2.81531532e-01
3.55400,-7.04624472e-07,2.81373101e-01
3.55600,-6.97612593e-07,2.81214848e-01
3.55800,-6.90670436e-07,2.81056773e-01
3.56000,-6.83797308e-07,2.80898876e-01
3.56200,-6.76992524e-07,2.80741157e-01
3.56400,-6.70255405e-07,2.80583614e-01
3.56600,-6.63585279e-07,2.80426248e-01
3.56800,-6.56981480e-07,2.80269058e-01
3.57000,-6.50443349e-07,2.80112045e-01
3.57200,-6.43970234e-07,2.79955207e-01
3.57400,-6.37561488e-07,2.79798545e-01
3.57600,-6.31216473e-07,2.79642058e-01
3.57800,-6.24934555e-07,2.79485746e-01
3.58000,-6.18715108e-07,2.79329609e-01
3.58200,-6.12557510e-07,2.79173646e-01
3.58400,-6.06461147e-07,2.79017857e-01
3.58600,-6.00425411e-07,2.78862242e-01
3.58800,-5.94449699e-07,2.78706800e-01
3.59000,-5.88533416e-07,2.78551532e-01
3.59200,-5.82675969e-07,2.78396437e-01
3.59400,-5.76876776e-07,2.78241514e-01
3.59600,-5.71135257e-07,2.78086763e-01
3.59800,-5.65450839e-07,2.77932185e-01
3.60000,-5.59822954e-07,2.77777778e-01
3.60200,-5.54251042e-07,2.77623542e-01
3.60400,-5.48734545e-07,2.77469478e-01
3.60600,-5.43272913e-07,2.77315585e-01
3.60800,-5.37865602e-07,2.77161863e-01
3.61000,-5.32512070e-07,2.77008310e-01
3.61200,-5.27211784e-07,2.76854928e-01
3.61400,-5.21964215e-07,2.76701716e-01
3.61600,-5.16768839e-07,2.76548673e-01
3.61800,-5.11625137e-07,2.76395799e-01
3.62000,-5.06532595e-07,2.76243094e-01
3.62200,-5.01490706e-07,2.76090558e-01
3.62400,-4.96498966e-07,2.75938190e-01
3.62600,-4.91556876e-07,2.75785990e-01
3.62800,-4.86663943e-07,2.75633958e-01
3.63000,-4.81819679e-07,2.75482094e-01
3.63200,-4.77023599e-07,2.75330396e-01
3.63400,-4.72275226e-07,2.75178866e-01
3.63600,-4.67574085e-07,2.75027503e-01
3.63800,-4.62919706e-07,2.74876306e-01
3.64000,-4.58311625e-07,2.74725275e-01
3.64200,-4.53749381e-07,2.74574410e-01
3.64400,-4.49232520e-07,2.74423710e-01
3.64600,-4.44760590e-07,2.74273176e-01
3.64800,-4.40333144e-07,2.74122807e-01
3.65000,-4.35949740e-07,2.73972603e-01
3.65200,-4.31609941e-07,2.73822563e-01
3.65400,-4.27313314e-07,2.73672687e-01
3.65600,-4.23059428e-07,2.73522976e-01
3.65800,-4.18847860e-07,2.73373428e-01
3.66000,-4.14678188e-07,2.73224044e-01
3.66200,-4.10549996e-07,2.73074823e-01
3.66400,-4.06462873e-07,2.72925764e-01
3.66600,-4.02416409e-07,2.72776869e-01
3.66800,-3.98410201e-07,2.72628135e-01
3.67000,-3.94443848e-07,2.72479564e-01
3.67200,-3.90516955e-07,2.72331155e-01
3.67400,-3.86629128e-07,2.72182907e-01
3.67600,-3.82779980e-07,2.72034820e-01
3.67800,-3.78969127e-07,2.71886895e-01
3.68000,-3.75196187e-07,2.71739130e-01
3.68200,-3.71460783e-07,2.71591526e-01
3.68400,-3.67762544e-07,2.71444083e-01
3.68600,-3.64101098e-07,2.71296799e-01
3.68800,-3.60476080e-07,2.71149675e-01
3.69000,-3.56887129e-07,2.71002710e-01
3.69200,-3.53333886e-07,2.70855905e-01
3.69400,-3.49815995e-07,2.70709258e-01
3.69600,-3.46333105e-07,2.70562771e-01
3.69800,-3.42884869e-07,2.70416441e-01
3.70000,-3.39470941e-07,2.70270270e-01
3.70200,-3.36090981e-07,2.70124257e-01
3.70400,-3.32744651e-07,2.69978402e-01
3.70600,-3.29431617e-07,2.69832704e-01
3.70800,-3.26151547e-07,2.69687163e-01
3.71000,-3.22904114e-07,2.69541779e-01
3.71200,-3.19688994e-07,2.69396552e-01
3.71400,-3.16505864e-07,2.69251481e-01
3.71600,-3.13354408e-07,2.69106566e-01
3.71800,-3.10234310e-07,2.68961807e-01
3.72000,-3.07145258e-07,2.68817204e-01
3.72200,-3.04086944e-07,2.68672757e-01
3.72400,-3.01059062e-07,2.68528464e-01
3.72600,-2.98061310e-07,2.68384326e-01
3.72800,-2.95093388e-07,2.68240343e-01
3.73000,-2.92154999e-07,2.68096515e-01
3.73200,-2.89245849e-07,2.67952840e-01
3.73400,-2.86365649e-07,2.67809320e-01
3.73600,-2.83514110e-07,2.67665953e-01
3.73800,-2.80690947e-07,2.67522739e-01
3.74000,-2.77895877e-07,2.67379679e-01
3.74200,-2.75128623e-07,2.67236772e-01
3.74400,-2.72388906e-07,2.67094017e-01
3.74600,-2.69676454e-07,2.66951415e-01
3.74800,-2.66990995e-07,2.66808965e-01
3.75000,-2.64332261e-07,2.66666667e-01
3.75200,-2.61699985e-07,2.66524520e-01
3.75400,-2.59093905e-07,2.66382525e-01
3.75600,-2.56513761e-07,2.66240682e-01
3.75800,-2.53959294e-07,2.66098989e-01
3.76000,-2.51430249e-07,2.65957447e-01
3.76200,-2.48926374e-07,2.65816055e-01
3.76400,-2.46447417e-07,2.65674814e-01
3.76600,-2.43993132e-07,2.65533723e-01
3.76800,-2.41563272e-07,2.65392781e-01
3.77000,-2.39157595e-07,2.65251989e-01
3.77200,-2.36775861e-07,2.65111347e-01
3.77400,-2.34417831e-07,2.64970853e-01
3.77600,-2.32083270e-07,2.64830508e-01
3.77800,-2.29771943e-07,2.64690312e-01
3.78000,-2.27483621e-07,2.64550265e-01
3.78200,-2.25218074e-07,2.64410365e-01
3.78400,-2.22975076e-07,2.64270613e-01
3.78600,-2.20754403e-07,2.64131009e-01
3.78800,-2.18555832e-07,2.63991552e-01
3.79000,-2.16379143e-07,2.63852243e-01
3.79200,-2.14224120e-07,2.63713080e-01
3.79400,-2.12090546e-07,2.63574064e-01
3.79600,-2.09978209e-07,2.63435195e-01
3.79800,-2.07886896e-07,2.63296472e-01
3.80000,-2.05816400e-07,2.63157895e-01
3.80200,-2.03766512e-07,2.63019463e-01
3.80400,-2.01737028e-07,2.62881178e-01
3.80600,-1.99727745e-07,2.62743037e-01
3.80800,-1.97738462e-07,2.62605042e-01
3.81000,-1.95768980e-07,2.62467192e-01
3.81200,-1.93819102e-07,2.62329486e-01
3.81400,-1.91888633e-07,2.62191924e-01
3.81600,-1.89977381e-07,2.62054507e-01
3.81800,-1.88085153e-07,2.61917234e-01
3.82000,-1.86211761e-07,2.61780105e-01
3.82200,-1.84357017e-07,2.61643119e-01
3.82400,-1.82520736e-07,2.61506276e-01
3.82600,-1.80702734e-07,2.61369577e-01
3.82800,-1.78902829e-07,2.61233020e-01
3.83000,-1.77120842e-07,2.61096606e-01
3.83200,-1.75356594e-07,2.60960334e-01
3.83400,-1.73609909e-07,2.60824204e-01
3.83600,-1.71880611e-07,2.60688217e-01
3.83800,-1.70168528e-07,2.60552371e-01
3.84000,-1.68473489e-07,2.60416667e-01
3.84200,-1.66795324e-07,2.60281104e-01
3.84400,-1.65133866e-07,2.60145682e-01
3.84600,-1.63488947e-07,2.60010400e-01
3.84800,-1.61860404e-07,2.59875260e-01
3.85000,-1.60248074e-07,2.59740260e-01
3.85200,-1.58651794e-07,2.59605400e-01
3.85400,-1.57071407e-07,2.59470680e-01
3.85600,-1.55506753e-07,2.59336100e-01
3.85800,-1.53957676e-07,2.59201659e-01
3.86000,-1.52424021e-07,2.59067358e-01
3.86200,-1.50905635e-07,2.58933195e-01
3.86400,-1.49402366e-07,2.58799172e-01
3.86600,-1.47914062e-07,2.58665287e-01
3.86800,-1.46440577e-07,2.58531541e-01
3.87000,-1.44981761e-07,2.58397933e-01
3.87200,-1.43537469e-07,2.58264463e-01
3.87400,-1.42107557e-07,2.58131131e-01
3.87600,-1.40691881e-07,2.57997936e-01
3.87800,-1.39290300e-07,2.57864879e-01
3.88000,-1.37902674e-07,2.57731959e-01
3.88200,-1.36528863e-07,2.57599176e-01
3.88400,-1.35168731e-07,2.57466529e-01
3.88600,-1.33822141e-07,2.57334020e-01
3.88800,-1.32488958e-07,2.57201646e-01
3.89000,-1.31169049e-07,2.57069409e-01
3.89200,-1.29862282e-07,2.56937307e-01
3.89400,-1.28568527e-07,2.56805342e-01
3.89600,-1.27287653e-07,2.56673511e-01
3.89800,-1.26019533e-07,2.56541816e-01
3.90000,-1.24764039e-07,2.56410256e-01
3.90200,-1.23521047e-07,2.56278831e-01
3.90400,-1.22290431e-07,2.56147541e-01
3.90600,-1.21072069e-07,2.56016385e-01
3.90800,-1.19865838e-07,2.55885363e-01
3.91000,-1.18671618e-07,2.55754476e-01
3.91200,-1.17489289e-07,2.55623722e-01
3.91400,-1.16318733e-07,2.55493102e-01
3.91600,-1.15159833e-07,2.55362615e-01
3.91800,-1.14012473e-07,2.55232261e-01
3.92000,-1.12876538e-07,2.55102041e-01
3.92200,-1.11751914e-07,2.54971953e-01
3.92400,-1.10638489e-07,2.54841998e-01
3.92600,-1.09536152e-07,2.54712175e-01
3.92800,-1.08444791e-07,2.54582485e-01
3.93000,-1.07364298e-07,2.54452926e-01
3.93200,-1.06294565e-07,2.54323499e-01
3.93400,-1.05235484e-07,2.54194204e-01
3.93600,-1.04186949e-07,2.54065041e-01
3.93800,-1.03148856e-07,2.53936008e-01
3.94000,-1.02121101e-07,2.53807107e-01
3.94200,-1.01103581e-07,2.53678336e-01
3.94400,-1.00096193e-07,2.53549696e-01
